Id,Area,Bedrooms,Bathrooms,Floors,YearBuilt,Location,Condition,Garage,Price
1,1360,5,4,3,1970,Downtown,Excellent,No,149919
2,4272,5,4,3,1958,Downtown,Excellent,No,424998
3,3592,2,2,3,1938,Downtown,Good,No,266746
5,4926,1,4,2,1975,Downtown,Fair,Yes,636056
7,3671,1,1,2,1948,Rural,Poor,Yes,448722
9,630,2,2,1,1932,Rural,Poor,Yes,652878
10,2185,3,3,1,2000,Downtown,Poor,No,340375
11,1269,1,4,2,1947,Suburban,Poor,Yes,653685
12,2891,4,4,3,1978,Urban,Excellent,Yes,127123
14,1684,1,1,1,2004,Rural,Good,No,399355
15,3885,1,3,1,1970,Urban,Fair,Yes,481838
16,4617,1,4,2,1931,Downtown,Poor,No,853032
19,1582,2,2,2,2013,Suburban,Good,No,989305
20,3058,5,2,2,2016,Downtown,Excellent,No,218767
21,2547,4,4,2,1935,Suburban,Good,Yes,996357
22,3247,4,3,1,1931,Downtown,Excellent,No,709789
24,2306,2,2,3,1976,Rural,Poor,Yes,447694
26,3234,5,4,2,1959,Urban,Good,Yes,527032
27,3505,4,2,3,1955,Urban,Good,Yes,745494
28,2399,2,4,1,1934,Downtown,Excellent,Yes,513179
29,1767,3,3,3,2011,Downtown,Poor,Yes,948212
31,3702,1,4,2,1953,Suburban,Poor,No,902609
32,4056,2,3,2,1935,Suburban,Excellent,Yes,727090
33,4390,1,1,1,2020,Rural,Poor,No,202185
34,1146,1,3,3,1954,Downtown,Excellent,No,725371
35,3388,3,3,2,1988,Urban,Fair,Yes,105746
36,2935,4,4,2,1979,Urban,Poor,No,959507
37,1100,2,1,3,1957,Rural,Good,No,748213
38,2863,1,2,3,1982,Urban,Excellent,Yes,921627
39,2561,2,3,1,1964,Rural,Good,No,873250
40,741,4,1,3,1968,Downtown,Excellent,No,218393
41,2541,4,3,3,1950,Urban,Good,Yes,333453
43,3112,4,3,1,1987,Suburban,Excellent,No,340320
44,1863,3,3,1,2006,Urban,Excellent,No,643167
45,1978,1,4,2,2008,Suburban,Good,Yes,641880
46,3056,5,1,1,2015,Urban,Good,Yes,396872
47,1275,3,1,2,2000,Downtown,Good,No,270084
48,4514,2,1,3,1952,Rural,Poor,No,976920
49,534,1,3,2,1999,Downtown,Poor,Yes,771782
50,3652,4,4,2,1935,Downtown,Fair,Yes,845016
51,2455,1,3,3,1967,Downtown,Poor,No,698843
52,2085,2,3,2,1935,Urban,Poor,Yes,405446
53,4443,5,1,1,1951,Rural,Excellent,No,958840
54,3573,5,3,1,1952,Suburban,Fair,No,593118
55,1521,5,2,1,1981,Downtown,Fair,Yes,266897
56,3961,4,3,1,1949,Urban,Poor,Yes,826522
57,3113,3,2,2,1979,Suburban,Excellent,No,913498
58,4343,3,3,2,1940,Downtown,Excellent,No,840023
61,4797,5,1,2,1965,Suburban,Good,Yes,691157
63,1495,2,2,3,1999,Rural,Good,Yes,857827
64,3842,2,2,1,1943,Rural,Fair,Yes,66738
65,4298,5,3,2,2002,Downtown,Fair,Yes,183703
66,1775,5,2,3,1946,Urban,Excellent,No,723265
67,1516,4,4,3,1938,Rural,Excellent,Yes,593344
69,1378,2,1,1,1953,Rural,Fair,Yes,560241
70,1576,3,4,2,1989,Rural,Good,Yes,433800
71,4493,4,4,3,1984,Downtown,Good,Yes,689604
73,992,3,3,3,1979,Rural,Good,Yes,628706
74,2562,5,3,3,1959,Suburban,Excellent,No,873622
75,4384,5,4,3,1930,Rural,Excellent,No,76014
76,564,1,3,3,2014,Suburban,Poor,No,778359
77,3068,3,2,3,1972,Rural,Excellent,No,813277
78,2527,3,3,1,1994,Rural,Good,Yes,231350
79,3195,5,3,2,1977,Urban,Fair,No,961995
80,1995,4,4,2,1948,Rural,Fair,Yes,838212
81,891,1,1,2,2000,Suburban,Good,No,534859
83,4061,2,1,1,2015,Downtown,Excellent,Yes,540339
84,2778,2,2,1,1947,Downtown,Fair,Yes,92192
85,3599,1,3,1,2009,Urban,Good,No,941307
87,3604,5,4,3,1958,Suburban,Excellent,No,93923
88,2954,3,1,3,1996,Suburban,Excellent,No,663484
89,4145,1,1,2,1998,Urban,Good,Yes,576683
90,1304,4,3,3,1957,Suburban,Good,No,414593
91,3231,3,3,2,2002,Downtown,Good,No,433891
92,3273,2,3,3,1957,Urban,Poor,No,802744
93,2070,2,2,2,2010,Downtown,Poor,No,458995
94,3190,3,2,3,1950,Downtown,Excellent,No,645316
95,4340,1,1,3,1983,Urban,Poor,Yes,997226
97,1002,5,1,3,2014,Rural,Fair,Yes,816751
98,4993,3,4,3,1940,Downtown,Poor,Yes,715344
99,1370,3,4,1,1982,Rural,Fair,Yes,929608
100,4988,2,3,2,2022,Suburban,Good,No,777688
101,706,1,3,1,2000,Urban,Fair,Yes,305315
102,1984,5,4,1,1981,Downtown,Fair,Yes,339068
109,3742,4,3,1,2018,Urban,Fair,No,545187
111,2222,1,1,3,1998,Suburban,Excellent,No,285835
113,3657,5,1,2,1980,Rural,Excellent,No,902987
114,3125,1,4,3,2021,Downtown,Poor,No,401992
115,3229,4,2,1,2005,Downtown,Good,No,256084
116,2097,3,4,2,1931,Downtown,Fair,No,844686
117,3560,3,2,3,1973,Downtown,Fair,No,437554
118,3193,3,1,3,1942,Rural,Poor,No,803315
119,4127,5,2,2,1980,Urban,Excellent,No,520336
120,1863,2,4,1,1968,Downtown,Fair,No,973469
121,2481,4,2,2,1944,Rural,Poor,No,258072
122,2163,5,1,1,2005,Urban,Good,No,298029
124,2538,4,3,1,1948,Rural,Fair,Yes,415169
125,3802,2,4,1,1932,Downtown,Excellent,No,180509
126,2737,3,3,2,1999,Urban,Poor,Yes,812072
127,1806,2,1,3,1999,Downtown,Fair,No,345107
130,1782,5,3,3,1961,Downtown,Poor,Yes,202566
131,1209,2,2,3,1956,Suburban,Fair,No,650710
133,4248,4,4,2,2013,Rural,Excellent,No,53212
134,1163,1,3,1,1977,Suburban,Excellent,No,282131
138,1995,4,1,3,2019,Urban,Poor,No,344819
139,3804,5,3,1,1941,Rural,Excellent,No,72007
141,2353,5,3,1,1978,Downtown,Fair,No,394785
142,1791,2,3,3,1992,Urban,Poor,No,670103
144,3957,4,1,3,1981,Suburban,Good,Yes,919914
145,2136,2,2,1,2013,Rural,Good,Yes,837071
146,4196,2,2,2,1956,Downtown,Poor,No,375737
147,3499,3,2,3,1948,Downtown,Fair,No,562164
148,3652,4,3,3,1943,Urban,Fair,No,128038
149,1198,4,1,3,2002,Suburban,Good,No,406043
150,2660,3,4,2,1979,Downtown,Excellent,Yes,840168
151,4597,1,3,3,1974,Suburban,Fair,Yes,827794
154,2207,4,3,2,2014,Downtown,Poor,Yes,175801
155,3277,2,4,3,2013,Urban,Good,No,944030
156,2233,5,4,1,1961,Rural,Excellent,No,660911
157,4010,4,2,1,2005,Rural,Excellent,No,558252
158,702,3,2,1,1963,Downtown,Poor,Yes,275097
159,3755,5,2,1,2001,Suburban,Fair,Yes,348964
160,4718,4,3,3,1944,Downtown,Excellent,No,265933
161,4996,1,1,1,2005,Downtown,Fair,No,369733
162,1266,1,1,2,1981,Rural,Poor,Yes,771167
163,4889,2,2,1,1957,Rural,Good,Yes,330558
165,3431,1,2,1,1957,Suburban,Fair,Yes,74220
166,697,3,4,3,2011,Downtown,Excellent,No,634819
167,2430,4,2,1,1988,Urban,Fair,No,422146
168,4082,3,4,2,1956,Downtown,Fair,Yes,557409
169,1108,3,1,1,2001,Suburban,Fair,Yes,747785
170,3772,1,3,1,1976,Urban,Poor,Yes,59387
171,1647,4,3,1,1967,Rural,Good,No,295752
172,4782,5,3,2,2018,Suburban,Excellent,No,651103
173,3897,1,3,1,1977,Suburban,Good,No,601872
174,3011,1,4,2,1996,Urban,Fair,No,619071
175,2294,4,4,2,1991,Suburban,Fair,No,745169
176,1159,4,2,1,1951,Suburban,Good,No,759687
177,3311,3,4,2,1936,Suburban,Good,Yes,698782
179,2486,3,2,1,1943,Suburban,Fair,No,300139
180,646,1,3,1,1997,Suburban,Good,No,967184
181,3719,2,4,2,2007,Suburban,Poor,No,550228
183,2234,1,2,1,2017,Rural,Fair,No,747621
184,2343,4,2,3,1968,Suburban,Excellent,Yes,910020
185,988,5,1,2,1930,Rural,Poor,Yes,984499
186,3476,2,1,2,1944,Rural,Excellent,No,296509
188,2885,3,1,3,2005,Downtown,Excellent,Yes,592528
189,3419,5,1,1,1931,Rural,Poor,Yes,828639
190,2302,3,2,3,1932,Rural,Poor,No,395590
191,4561,1,2,1,1966,Suburban,Poor,Yes,518968
193,762,1,2,2,2013,Urban,Fair,No,828559
194,1123,3,2,1,1975,Downtown,Poor,Yes,533663
197,2549,5,4,3,1989,Suburban,Excellent,No,647689
198,4223,3,4,2,1956,Suburban,Fair,Yes,263165
203,2182,5,1,2,1961,Suburban,Good,Yes,760731
205,1654,5,2,2,1945,Urban,Poor,No,354960
206,4999,4,2,1,1967,Downtown,Excellent,No,139460
208,2196,5,4,1,1950,Rural,Good,Yes,101048
210,2148,5,4,3,2002,Downtown,Good,No,182850
211,1945,4,3,3,1943,Suburban,Fair,Yes,882184
212,4699,2,4,1,1934,Downtown,Good,No,528193
213,4423,4,2,2,1954,Suburban,Excellent,No,907158
214,753,2,2,3,1986,Suburban,Fair,No,786200
217,598,1,4,2,1960,Suburban,Poor,No,316891
218,2700,4,1,3,2017,Downtown,Fair,No,574333
219,3461,1,3,1,1940,Suburban,Excellent,No,582046
220,4933,4,3,2,1943,Urban,Poor,No,829685
221,4277,4,4,3,1963,Urban,Poor,Yes,961508
222,3369,4,4,2,1930,Suburban,Fair,Yes,728797
223,3734,1,3,2,2007,Urban,Good,No,724945
224,4291,4,1,1,1946,Rural,Poor,No,190926
226,4567,4,4,1,1995,Downtown,Fair,Yes,893382
227,660,5,4,2,1981,Suburban,Excellent,No,722709
228,4993,4,3,1,1976,Suburban,Poor,Yes,801588
229,1800,2,1,2,2009,Rural,Excellent,No,726708
230,4487,4,3,2,1968,Suburban,Good,Yes,215368
231,2027,3,3,1,1957,Urban,Good,Yes,544496
232,1718,4,4,3,2005,Rural,Excellent,No,69455
233,4996,2,1,3,1943,Urban,Fair,Yes,784184
234,3604,2,2,3,1973,Downtown,Fair,Yes,515139
235,3235,1,1,2,1955,Urban,Poor,Yes,281897
236,1454,5,3,2,1942,Downtown,Poor,Yes,482509
237,3946,4,3,2,1988,Urban,Fair,No,542646
238,1545,1,3,1,1933,Downtown,Fair,No,662840
239,2193,5,1,2,2000,Suburban,Excellent,No,882548
241,1062,3,3,1,1970,Downtown,Good,No,614772
242,2985,4,3,3,1969,Urban,Poor,Yes,997719
243,3854,2,1,3,2017,Rural,Fair,Yes,393782
244,725,2,2,3,1954,Suburban,Excellent,Yes,708764
245,1459,3,2,1,1966,Downtown,Poor,Yes,218332
249,516,2,1,1,1956,Urban,Fair,No,882441
251,2705,3,4,3,1952,Rural,Fair,Yes,823202
252,3024,2,1,1,1969,Suburban,Poor,No,866037
253,1569,3,1,1,1942,Downtown,Good,No,685167
254,3944,4,4,3,1959,Urban,Excellent,No,695115
255,3065,5,2,1,1957,Urban,Poor,No,317724
256,1560,2,2,3,1948,Suburban,Poor,No,951334
257,2827,2,1,2,1941,Suburban,Excellent,No,317544
258,3920,4,3,3,1975,Downtown,Good,No,745003
259,801,1,2,2,2012,Rural,Poor,Yes,801545
260,4776,5,3,1,1999,Urban,Poor,No,932464
261,1106,2,2,1,1965,Urban,Poor,Yes,177319
263,1199,2,3,1,2002,Downtown,Good,No,529389
264,1639,5,4,2,1997,Suburban,Good,Yes,156960
265,690,3,2,1,1989,Suburban,Poor,No,89015
267,1480,5,3,1,1984,Downtown,Excellent,Yes,778165
268,3475,1,4,3,1999,Rural,Fair,Yes,982478
269,1684,3,2,3,2003,Downtown,Good,No,195109
270,3827,3,2,2,1951,Urban,Poor,Yes,527508
271,3894,1,4,1,1945,Downtown,Poor,Yes,836351
272,627,5,2,2,1943,Downtown,Fair,Yes,983671
274,2316,1,4,3,1952,Downtown,Excellent,Yes,271775
275,1069,5,3,3,1958,Rural,Poor,No,355292
276,2395,1,1,1,1993,Suburban,Fair,Yes,777513
277,3233,1,4,1,2013,Suburban,Excellent,Yes,726894
278,4363,2,3,2,2006,Rural,Good,Yes,796355
279,4514,5,1,1,2023,Urban,Fair,No,959222
282,3509,1,4,2,1997,Suburban,Good,Yes,169894
283,654,1,4,1,1956,Suburban,Poor,Yes,640127
284,3037,1,4,3,2010,Rural,Poor,No,79756
285,1909,5,4,2,1972,Suburban,Good,Yes,718043
286,4557,5,4,2,2014,Rural,Poor,Yes,230557
288,3675,4,4,3,2003,Rural,Poor,Yes,454241
292,2341,1,4,1,1974,Downtown,Fair,No,667231
293,2955,1,1,2,1978,Suburban,Good,Yes,792476
294,1024,2,2,2,1971,Urban,Excellent,Yes,198188
295,3450,2,4,3,1982,Rural,Poor,Yes,611032
296,4631,1,4,1,1986,Urban,Poor,No,174697
298,2868,5,3,3,1939,Suburban,Fair,No,690360
299,4347,5,4,1,1995,Urban,Excellent,No,445340
302,1471,2,1,3,1961,Suburban,Poor,No,57176
303,1666,2,1,1,1982,Rural,Fair,No,927742
304,3274,2,4,1,1949,Downtown,Fair,No,826653
305,2482,3,4,2,1941,Downtown,Good,Yes,508034
307,4646,4,2,1,1938,Urban,Excellent,No,199748
308,4236,4,2,2,1959,Suburban,Poor,No,95177
309,4269,3,4,3,1940,Urban,Good,No,533512
310,1074,2,3,2,1932,Downtown,Poor,No,160623
311,3761,3,2,3,1982,Downtown,Excellent,No,575285
312,1648,3,4,2,2000,Urban,Excellent,No,502546
313,2215,1,2,3,1982,Downtown,Fair,Yes,546184
314,4354,5,3,2,1996,Suburban,Fair,Yes,694467
315,2991,4,4,3,2010,Rural,Fair,No,297439
320,1376,4,2,3,1995,Suburban,Poor,Yes,830751
322,4642,3,3,3,1971,Suburban,Excellent,Yes,397591
324,4965,1,4,2,2005,Suburban,Excellent,No,499181
325,1135,2,2,3,1991,Suburban,Poor,Yes,393288
326,2193,4,4,2,2016,Rural,Fair,Yes,822793
327,2182,2,2,1,1968,Suburban,Excellent,Yes,242589
328,619,1,1,3,1948,Suburban,Poor,Yes,929125
332,1240,4,4,3,1978,Urban,Fair,Yes,54090
335,1650,4,4,3,1932,Rural,Fair,No,876671
336,2431,3,3,2,2006,Urban,Excellent,No,53743
338,2164,1,4,2,1996,Urban,Poor,Yes,191268
339,1581,3,4,3,2006,Rural,Excellent,No,966592
341,3349,3,3,1,2013,Suburban,Excellent,No,679600
342,1059,3,1,3,2016,Downtown,Poor,No,381004
346,1970,4,3,3,1976,Urban,Fair,Yes,392543
347,1080,2,2,2,1938,Downtown,Poor,No,885227
348,2794,4,1,1,1932,Suburban,Fair,No,887985
350,4749,1,2,1,1947,Downtown,Fair,No,153976
351,2179,4,1,1,1964,Rural,Poor,Yes,205183
352,4006,5,4,3,2012,Downtown,Good,No,687854
353,3244,5,2,3,1937,Rural,Fair,No,307443
355,4545,2,2,2,2012,Rural,Fair,No,111600
357,3618,4,1,2,1945,Downtown,Fair,No,708559
358,2641,4,4,2,1949,Urban,Excellent,No,887329
359,3559,4,2,3,1937,Suburban,Excellent,No,874470
360,3459,2,3,2,2005,Urban,Poor,Yes,173323
361,2765,3,4,1,1987,Rural,Excellent,Yes,236110
364,2257,3,3,3,1940,Urban,Fair,No,320041
365,4952,2,2,1,1971,Rural,Excellent,No,638829
366,2570,3,3,2,1991,Rural,Fair,Yes,156968
367,3349,1,3,3,1973,Suburban,Excellent,Yes,589180
369,4230,1,3,3,2018,Suburban,Good,No,74815
370,2989,5,3,3,1961,Rural,Excellent,No,882044
372,3316,3,1,2,1957,Rural,Poor,Yes,518304
373,1515,5,4,3,1969,Urban,Fair,Yes,852699
374,1848,4,1,3,1977,Downtown,Poor,Yes,854700
376,3339,1,4,1,2017,Rural,Poor,No,981767
379,4046,1,1,2,1938,Urban,Excellent,Yes,240732
381,2187,5,1,2,1998,Downtown,Fair,No,244451
384,2927,2,3,3,1950,Rural,Fair,No,378756
386,4500,4,4,2,1947,Downtown,Fair,Yes,138757
387,3238,2,2,3,1970,Rural,Poor,No,459633
388,3998,3,3,3,2003,Rural,Excellent,No,934507
389,4413,3,4,1,1949,Suburban,Poor,Yes,346753
390,1566,5,3,1,1988,Suburban,Good,No,939217
392,2944,3,3,1,1984,Downtown,Excellent,No,597933
393,4607,1,4,3,2004,Urban,Fair,Yes,506089
395,4469,1,4,3,2016,Suburban,Poor,No,374377
396,3046,4,3,3,1954,Urban,Poor,Yes,423587
397,1253,2,3,3,2022,Rural,Fair,No,204473
399,3274,5,3,1,1978,Downtown,Excellent,No,517667
400,3396,3,1,3,1951,Downtown,Fair,No,522650
404,3569,1,1,2,1997,Downtown,Excellent,Yes,445158
405,917,4,1,3,1950,Suburban,Excellent,No,725748
406,614,2,1,3,1957,Suburban,Good,No,961656
407,1116,3,1,1,1933,Suburban,Fair,Yes,657539
408,4474,4,1,3,1934,Suburban,Poor,No,631330
409,3767,4,2,3,2001,Downtown,Poor,No,890172
411,2016,3,1,1,2005,Downtown,Poor,No,621312
412,3646,2,1,1,2019,Downtown,Good,No,728810
413,912,4,4,2,1958,Suburban,Good,Yes,631253
414,1228,4,2,3,1969,Downtown,Excellent,Yes,322201
415,3848,1,2,1,2018,Rural,Excellent,No,798609
416,3308,5,3,1,1947,Rural,Excellent,No,845415
417,1175,2,2,3,1963,Urban,Excellent,Yes,442613
418,3965,3,4,3,2012,Rural,Excellent,No,594283
420,3467,4,3,3,1966,Downtown,Poor,Yes,283076
421,3286,2,4,1,1981,Rural,Excellent,Yes,796988
422,1622,5,1,3,2002,Suburban,Good,No,520897
423,4579,4,1,3,1972,Suburban,Poor,Yes,88886
424,2071,2,4,2,2015,Downtown,Good,Yes,401169
425,2643,1,3,3,1975,Suburban,Good,Yes,539788
427,4632,3,3,3,1966,Urban,Fair,No,668308
429,3940,2,4,1,2020,Rural,Good,Yes,913945
430,4266,1,4,3,1993,Suburban,Poor,No,73466
431,2826,3,1,3,1967,Downtown,Fair,No,287626
432,3414,2,2,1,1968,Rural,Fair,Yes,928977
434,1095,3,4,2,1990,Rural,Fair,No,624694
435,1228,1,3,2,1991,Rural,Fair,No,446904
436,1865,1,1,2,1962,Urban,Poor,Yes,643572
438,1198,4,2,2,1981,Rural,Fair,Yes,951011
440,4671,3,2,3,1976,Rural,Fair,No,594929
441,4860,3,4,2,1940,Suburban,Poor,No,475716
443,2319,4,2,3,1936,Urban,Fair,No,790126
444,1217,5,4,2,1944,Downtown,Poor,Yes,358094
445,3282,2,3,3,1979,Downtown,Fair,No,992550
446,4077,2,4,3,1947,Urban,Good,No,965986
448,3640,4,1,2,1998,Urban,Good,Yes,687719
450,3438,4,2,1,1999,Urban,Fair,No,452854
452,3722,1,3,2,2018,Downtown,Excellent,Yes,718582
453,1667,3,2,1,1957,Suburban,Poor,Yes,231136
454,3116,4,3,2,1945,Urban,Poor,Yes,218082
456,2656,1,3,1,1934,Urban,Poor,No,592383
457,3482,5,4,1,2011,Suburban,Poor,Yes,173554
458,3794,3,1,2,2017,Urban,Excellent,Yes,444655
460,1232,5,3,3,1959,Suburban,Excellent,Yes,809277
461,4830,5,1,2,1994,Urban,Fair,Yes,528766
462,1453,4,3,1,1941,Suburban,Excellent,Yes,972879
463,3039,4,1,1,2004,Suburban,Good,Yes,663311
464,3824,4,2,2,1942,Downtown,Good,Yes,681469
465,3801,1,4,2,1979,Downtown,Excellent,No,272310
466,2042,1,1,2,1973,Suburban,Good,No,857032
467,1691,3,3,3,1948,Urban,Fair,No,838898
468,3493,4,1,1,1963,Urban,Good,Yes,830637
469,3181,5,3,3,1931,Urban,Excellent,Yes,549344
470,1717,2,2,3,1963,Rural,Fair,Yes,750457
471,2040,3,1,1,2014,Suburban,Good,No,946366
474,4219,3,3,2,1986,Suburban,Good,Yes,490187
475,1888,3,3,3,1965,Suburban,Fair,No,319072
476,2356,3,2,2,1937,Rural,Fair,No,891741
477,1865,2,4,2,1930,Downtown,Good,Yes,255719
478,999,4,1,1,2014,Suburban,Fair,No,746248
479,2180,5,1,1,2003,Rural,Fair,Yes,800385
482,1824,3,2,2,1966,Urban,Excellent,No,59404
483,1655,4,1,1,2021,Suburban,Excellent,No,476855
484,2327,1,4,1,1977,Downtown,Excellent,No,783478
486,3986,2,1,1,1947,Suburban,Good,Yes,687475
487,2310,1,1,2,1964,Rural,Excellent,No,946881
488,3423,3,2,3,1952,Downtown,Fair,No,601972
489,2714,3,4,1,1966,Urban,Good,Yes,642879
490,4686,3,1,2,2017,Suburban,Fair,Yes,431965
491,1213,2,1,2,1989,Suburban,Excellent,Yes,783082
494,4022,4,1,1,1937,Rural,Fair,No,817469
495,4768,4,4,2,1986,Downtown,Fair,No,596120
497,4209,1,4,2,2020,Downtown,Poor,Yes,346784
498,1581,3,2,1,1964,Suburban,Poor,No,520098
501,1884,4,3,2,2005,Downtown,Excellent,Yes,948607
502,2458,3,2,2,2022,Urban,Fair,No,178568
503,3572,4,4,1,1969,Downtown,Excellent,Yes,426394
504,2496,5,4,3,2018,Downtown,Fair,No,647013
505,4785,5,3,1,1943,Rural,Excellent,No,178131
506,1004,4,2,1,1999,Rural,Good,No,95520
508,2031,1,3,3,1944,Rural,Excellent,Yes,684157
510,1323,4,3,1,2022,Rural,Excellent,Yes,835313
511,1428,1,1,1,1939,Downtown,Good,Yes,202842
512,633,3,1,1,2021,Urban,Good,Yes,417390
513,2605,5,4,2,2015,Downtown,Excellent,No,752858
515,2352,1,1,2,1975,Urban,Fair,No,572485
516,4675,3,4,1,2002,Suburban,Good,Yes,697735
517,3433,1,3,3,1975,Suburban,Good,No,635765
518,3784,4,2,2,1965,Suburban,Excellent,No,574532
519,4798,3,2,2,2019,Rural,Good,Yes,915885
520,3311,4,2,2,1945,Suburban,Good,No,500953
521,1750,4,3,2,1985,Urban,Fair,Yes,227561
522,4012,2,1,3,1986,Downtown,Poor,Yes,964394
524,3876,5,3,2,1968,Urban,Poor,Yes,340534
526,4084,5,4,2,1984,Downtown,Excellent,Yes,250123
528,4137,4,1,2,1968,Urban,Poor,No,477894
529,3830,3,2,3,1998,Downtown,Excellent,No,531018
530,3203,3,2,1,1990,Urban,Good,Yes,257358
531,970,2,2,3,2012,Downtown,Good,No,866015
532,1853,5,1,1,1965,Urban,Good,Yes,566456
533,3283,5,3,1,1987,Urban,Fair,No,189148
534,3331,5,1,1,1930,Downtown,Excellent,Yes,985510
535,857,4,2,2,1932,Downtown,Excellent,Yes,196123
536,3519,5,1,3,1938,Urban,Good,Yes,447530
537,1167,3,4,3,1993,Urban,Poor,Yes,602958
538,4968,4,3,3,1945,Downtown,Excellent,No,543973
539,1645,1,1,1,1936,Rural,Fair,No,961352
540,4685,5,4,2,2014,Downtown,Poor,Yes,60236
541,4219,5,3,1,1991,Urban,Poor,No,85568
542,3245,1,4,3,1959,Urban,Poor,Yes,681615
543,1039,5,3,2,1930,Urban,Poor,Yes,305745
545,4636,4,4,2,1986,Urban,Good,Yes,535119
546,4275,3,2,3,2020,Rural,Poor,Yes,328496
548,3279,2,3,2,2003,Rural,Fair,Yes,309291
549,1424,1,1,1,2004,Downtown,Good,Yes,488866
551,2081,4,4,2,1998,Downtown,Good,No,730516
553,4985,1,2,1,2002,Downtown,Excellent,Yes,981539
554,755,3,1,1,2000,Urban,Excellent,Yes,958573
556,2444,4,4,3,1957,Suburban,Fair,Yes,572247
558,3371,5,2,1,1951,Urban,Good,Yes,396300
559,1297,3,3,2,1944,Urban,Poor,No,316320
560,1515,4,1,1,1984,Downtown,Fair,Yes,674747
561,2324,1,4,3,1992,Rural,Poor,No,469136
563,3636,3,3,3,1960,Downtown,Good,No,187901
564,2693,4,2,2,1937,Rural,Fair,Yes,173225
566,4658,4,1,2,2013,Urban,Good,No,810135
569,2133,5,4,2,2020,Downtown,Good,No,685181
570,2652,3,1,3,1931,Suburban,Good,Yes,910359
572,884,2,2,2,1969,Downtown,Fair,Yes,954610
573,904,2,1,2,1940,Suburban,Poor,No,292726
574,2500,3,1,3,2020,Urban,Poor,Yes,352811
575,3256,1,4,2,1966,Urban,Good,No,771202
576,2168,1,4,2,1996,Downtown,Excellent,No,479059
578,4136,2,2,1,1950,Rural,Poor,No,473759
583,1216,3,2,1,1947,Rural,Poor,No,883334
585,2581,4,3,2,1956,Rural,Excellent,No,345187
586,3919,2,3,2,2014,Downtown,Poor,Yes,186343
587,2074,1,3,1,1934,Rural,Fair,No,909299
588,749,1,3,3,1975,Rural,Good,Yes,389233
589,1173,5,3,3,1993,Urban,Fair,Yes,895177
591,1270,1,1,3,1997,Downtown,Poor,No,240191
593,4863,3,2,2,2002,Rural,Fair,No,726769
594,2484,5,1,3,1976,Rural,Good,No,922402
595,1577,4,1,2,1956,Suburban,Excellent,Yes,336608
596,735,1,1,1,1946,Downtown,Excellent,Yes,299220
597,888,5,4,2,1953,Downtown,Excellent,Yes,486056
599,2348,1,4,1,2023,Urban,Excellent,No,594950
600,3314,1,2,3,1952,Rural,Good,Yes,854660
601,3874,3,2,3,1983,Suburban,Fair,No,635009
602,3778,4,2,3,1930,Suburban,Good,No,712746
603,1752,4,2,2,1968,Suburban,Poor,No,843294
604,4481,1,1,3,1987,Rural,Fair,Yes,614396
605,2622,2,1,1,2003,Rural,Good,No,141788
606,2650,5,4,3,2017,Downtown,Good,Yes,518239
607,1829,5,3,3,1932,Urban,Fair,No,294437
608,1858,1,2,2,1971,Rural,Poor,No,811299
609,2982,2,4,2,1987,Downtown,Fair,Yes,916572
610,2517,3,1,1,1949,Rural,Excellent,No,732561
611,1831,1,1,2,1983,Downtown,Excellent,No,905010
612,4844,1,3,3,2023,Downtown,Poor,No,99966
614,1858,1,3,1,2013,Rural,Good,No,322530
615,3677,1,4,3,2015,Downtown,Good,No,651516
616,2628,1,1,1,1975,Suburban,Fair,No,196297
617,2680,5,1,2,1976,Suburban,Fair,No,459909
618,637,3,3,2,2008,Suburban,Poor,No,384341
619,3972,3,2,1,2005,Urban,Excellent,Yes,93021
620,3332,1,3,3,1938,Downtown,Good,Yes,431059
621,4079,5,4,2,1988,Urban,Excellent,No,199333
622,3531,3,3,2,1945,Rural,Fair,No,470594
623,4664,3,3,3,1995,Rural,Fair,Yes,953606
624,3093,3,4,2,1987,Downtown,Fair,No,826934
625,4800,5,3,1,2011,Suburban,Excellent,No,136755
626,4318,5,1,2,1946,Downtown,Poor,No,979441
627,4638,1,2,2,1943,Downtown,Poor,No,116330
629,4542,3,4,1,2003,Urban,Good,No,908754
630,2406,4,2,3,2013,Rural,Excellent,No,938750
631,1260,5,4,2,1986,Downtown,Fair,No,619601
632,3945,5,2,2,1949,Downtown,Excellent,Yes,284729
633,1399,5,2,3,1976,Downtown,Excellent,Yes,807071
634,4955,4,3,3,1959,Urban,Poor,No,339176
635,3447,5,1,3,2022,Urban,Fair,No,535179
636,2219,1,3,1,1995,Urban,Poor,No,198430
637,780,5,4,2,2013,Downtown,Fair,No,898142
639,2387,4,2,2,1935,Suburban,Poor,Yes,398301
640,3766,2,2,1,2012,Suburban,Excellent,Yes,492037
641,1166,5,1,1,1962,Rural,Fair,Yes,78365
642,4688,1,3,1,1968,Downtown,Good,No,325333
643,1171,3,4,1,1985,Suburban,Poor,No,519965
644,2469,5,2,2,1979,Suburban,Poor,No,581536
645,4656,1,1,1,1940,Suburban,Excellent,Yes,54369
646,3622,4,4,1,1973,Downtown,Excellent,No,506979
648,1023,2,4,1,1981,Suburban,Poor,Yes,865037
649,2893,2,1,3,1948,Downtown,Fair,Yes,886048
653,2253,2,4,1,1989,Urban,Poor,No,607343
654,2796,5,2,2,1968,Rural,Good,No,774091
655,2761,3,3,2,1959,Rural,Fair,Yes,428824
656,2786,4,2,1,1954,Suburban,Fair,No,319594
658,3378,1,3,3,1998,Rural,Excellent,No,523267
659,4643,1,2,1,1989,Urban,Poor,No,100272
660,4144,4,4,1,1981,Urban,Excellent,Yes,55310
663,1776,1,4,3,2016,Rural,Fair,No,536160
665,802,5,2,3,1978,Suburban,Poor,No,790176
666,1138,1,2,3,1948,Urban,Excellent,Yes,132641
667,555,2,4,2,1932,Suburban,Poor,Yes,789443
672,864,2,4,3,1956,Rural,Good,Yes,201958
673,2146,2,4,3,2006,Urban,Excellent,Yes,520328
674,1418,3,4,2,1980,Rural,Good,Yes,494093
675,3297,1,2,2,1957,Suburban,Good,Yes,697861
677,3845,4,2,1,1992,Downtown,Fair,Yes,872613
681,1213,5,3,2,1952,Rural,Good,No,837560
682,1562,2,4,1,2002,Rural,Good,No,653810
683,2476,5,4,1,1955,Urban,Poor,No,213394
684,1796,3,4,2,1976,Rural,Fair,Yes,98929
685,625,2,3,3,1981,Downtown,Good,Yes,655984
687,3783,1,3,2,1961,Suburban,Good,Yes,846240
688,2103,4,2,2,2009,Downtown,Excellent,Yes,669436
689,566,3,1,3,1932,Urban,Excellent,Yes,496098
690,732,3,1,2,2002,Urban,Fair,Yes,858157
691,2656,1,3,2,2003,Rural,Fair,No,384678
693,2658,2,3,1,1972,Rural,Poor,Yes,794314
694,4706,5,2,3,1932,Urban,Excellent,No,133576
695,1993,5,4,3,1931,Downtown,Good,Yes,70557
696,4507,1,2,2,1960,Rural,Poor,Yes,596113
697,2972,1,2,1,1953,Suburban,Excellent,Yes,321142
700,2261,5,2,3,1990,Rural,Poor,Yes,238869
701,4014,3,4,2,1969,Downtown,Fair,Yes,721162
702,2475,2,4,1,1998,Rural,Excellent,Yes,978671
703,2862,4,4,3,2019,Urban,Fair,No,543844
704,1376,3,2,1,2000,Urban,Fair,Yes,616695
705,4312,5,3,3,1933,Suburban,Good,No,170283
706,3948,1,3,3,1983,Urban,Good,No,63338
708,1960,2,1,1,1967,Downtown,Poor,Yes,514736
709,3209,4,3,1,1973,Urban,Good,No,724255
710,2824,4,2,2,1973,Rural,Good,No,228982
711,2233,2,3,3,1987,Downtown,Excellent,No,967461
712,2105,3,4,2,1984,Rural,Poor,No,159367
714,3921,4,3,3,1990,Rural,Good,No,970958
716,2897,1,4,3,1989,Downtown,Good,No,398684
717,4235,3,1,2,1960,Urban,Good,No,544775
718,3370,2,1,1,1993,Rural,Fair,Yes,788497
719,1660,3,4,2,2012,Suburban,Poor,Yes,493853
720,742,1,2,3,1979,Urban,Excellent,Yes,830343
723,4824,1,3,3,1998,Downtown,Good,Yes,876395
724,3095,2,3,1,2021,Suburban,Excellent,Yes,450966
726,505,5,4,1,1939,Suburban,Good,Yes,727823
728,4670,5,3,1,1934,Downtown,Excellent,No,764152
729,503,1,4,3,2012,Suburban,Poor,No,850118
731,617,4,4,3,1949,Rural,Good,No,113528
732,3428,3,3,2,1942,Downtown,Good,No,674099
733,3051,5,4,3,1999,Suburban,Poor,Yes,558907
734,4789,2,1,2,2011,Rural,Good,Yes,334931
736,3262,2,1,3,1931,Suburban,Poor,No,427757
737,1641,4,2,1,1940,Suburban,Fair,Yes,762787
739,1223,3,3,1,1987,Urban,Poor,No,154887
743,4915,1,4,2,1965,Downtown,Excellent,Yes,558889
745,2328,2,4,2,1991,Suburban,Poor,No,327941
746,2417,4,2,2,1952,Rural,Good,Yes,317446
747,4734,4,1,2,1960,Downtown,Good,Yes,506388
748,2526,1,2,1,1937,Urban,Excellent,Yes,612347
750,1401,1,1,1,1983,Suburban,Good,Yes,765612
751,2539,5,4,1,1969,Downtown,Good,No,523875
752,509,2,2,2,2002,Urban,Poor,Yes,193949
753,760,5,1,3,1996,Urban,Good,No,326383
754,2173,3,3,3,1954,Suburban,Fair,Yes,77313
756,2560,3,2,2,2000,Urban,Excellent,Yes,229480
757,4213,5,2,3,1969,Downtown,Good,No,526467
758,2119,4,4,1,1944,Rural,Good,Yes,138771
759,820,2,3,3,1997,Downtown,Poor,Yes,176228
760,1842,3,2,2,1946,Rural,Fair,No,141665
761,2876,3,1,3,1978,Rural,Good,No,846966
762,3332,3,1,1,2008,Rural,Fair,No,879492
764,2494,3,1,3,2020,Downtown,Poor,Yes,964863
766,2538,3,1,2,2021,Suburban,Poor,No,847399
767,3990,5,2,2,1953,Downtown,Good,Yes,787351
768,4177,5,1,3,1970,Rural,Excellent,No,901995
769,1618,2,3,2,1945,Urban,Poor,Yes,320804
770,2104,5,4,3,2021,Urban,Good,No,430815
771,4527,2,4,1,1930,Downtown,Fair,Yes,534091
772,735,5,3,3,1987,Downtown,Excellent,No,179909
773,2469,5,3,1,1958,Rural,Excellent,No,483039
774,4929,2,4,3,1994,Rural,Fair,Yes,499058
776,875,5,2,3,2005,Rural,Excellent,Yes,125976
777,4030,3,1,2,1995,Urban,Poor,No,807496
780,3060,4,2,2,2003,Suburban,Poor,Yes,766764
781,3891,1,4,1,1935,Downtown,Good,Yes,668470
782,3465,1,3,1,1957,Rural,Excellent,No,817441
783,4143,5,4,3,2011,Suburban,Fair,No,928219
785,1372,3,4,2,2008,Downtown,Excellent,No,329087
786,1752,4,2,1,1962,Suburban,Excellent,No,90725
787,1814,1,2,1,2017,Suburban,Poor,Yes,881866
788,3398,5,1,2,1990,Urban,Fair,No,922183
790,3121,5,1,1,1958,Urban,Excellent,Yes,548864
791,4727,5,4,1,1931,Suburban,Poor,No,328606
792,1100,1,3,1,2015,Suburban,Good,Yes,391376
793,1565,1,3,2,1981,Rural,Good,No,759441
794,2636,5,1,1,2009,Suburban,Excellent,Yes,496015
796,2843,5,1,1,1936,Urban,Excellent,No,532517
799,4097,3,1,1,2023,Suburban,Good,No,892495
800,4262,3,3,2,1998,Suburban,Excellent,Yes,163394
801,2690,2,1,2,1963,Urban,Fair,Yes,891672
802,1492,2,4,2,1971,Downtown,Poor,No,917784
804,2692,3,1,1,1953,Downtown,Excellent,No,393133
805,1748,2,2,1,2005,Urban,Excellent,No,72222
806,3554,1,1,2,1985,Urban,Good,Yes,129794
807,4533,5,1,3,1982,Downtown,Fair,Yes,638212
809,4187,5,3,2,1952,Suburban,Poor,No,914945
810,2651,4,4,1,1991,Urban,Good,No,834326
811,4518,3,2,1,1998,Urban,Excellent,No,891081
812,3610,4,1,2,2006,Downtown,Good,No,415130
813,2470,3,4,2,1962,Downtown,Excellent,No,818103
815,3126,4,3,1,1930,Urban,Good,No,283127
816,1702,5,2,2,1948,Rural,Good,No,554434
817,2535,3,3,1,2011,Suburban,Good,Yes,191295
818,977,5,4,1,2002,Rural,Excellent,No,229238
819,1754,2,4,2,1999,Downtown,Excellent,No,89369
820,1422,3,4,1,1993,Urban,Good,Yes,922811
821,919,4,3,1,1986,Urban,Good,No,905824
825,3568,3,4,3,1930,Suburban,Fair,Yes,760595
826,1450,4,3,3,1942,Downtown,Fair,Yes,320114
827,2836,2,4,1,2000,Downtown,Fair,No,97922
828,2743,1,1,1,1936,Downtown,Excellent,No,543614
829,3145,2,1,3,1978,Rural,Fair,Yes,867187
831,2365,5,4,3,2013,Urban,Good,No,69416
832,3412,5,2,1,2006,Downtown,Excellent,No,63672
834,3728,5,1,3,2007,Urban,Poor,No,178145
836,3728,5,3,2,1983,Suburban,Poor,Yes,910527
838,3391,3,1,2,2015,Rural,Poor,Yes,118835
840,4725,5,3,2,1985,Suburban,Poor,Yes,973143
841,594,2,2,1,1949,Urban,Fair,Yes,297795
842,3174,3,3,2,1937,Urban,Good,No,454271
844,1293,4,4,3,1958,Urban,Poor,Yes,996931
845,2334,5,1,2,1989,Suburban,Good,Yes,691204
846,2616,3,4,1,2014,Rural,Fair,Yes,956740
847,4606,4,1,2,1974,Downtown,Good,No,918948
849,3419,1,2,1,2019,Rural,Fair,No,245346
850,3097,4,4,1,1965,Suburban,Excellent,Yes,954726
851,3705,1,1,1,2022,Suburban,Fair,No,323010
855,862,3,1,1,2000,Downtown,Excellent,No,605623
857,2765,2,2,2,1954,Urban,Excellent,Yes,207234
858,2688,4,2,3,1949,Downtown,Fair,No,794809
860,3781,4,1,2,2017,Urban,Fair,Yes,935188
861,1484,2,3,3,1973,Downtown,Good,No,323139
862,2139,4,1,2,1998,Rural,Fair,Yes,499704
864,3230,1,2,1,1998,Suburban,Fair,Yes,187039
866,4951,3,1,2,1962,Rural,Fair,Yes,399422
867,3435,1,4,1,2007,Suburban,Excellent,Yes,638759
868,4376,3,4,1,1975,Rural,Fair,Yes,349260
869,626,2,2,1,1966,Downtown,Excellent,No,928548
870,3677,1,3,2,1952,Downtown,Poor,Yes,477443
871,3556,3,1,2,1938,Urban,Poor,No,707302
872,1103,5,1,2,1977,Rural,Good,Yes,621952
873,3949,3,2,1,1955,Urban,Good,No,733429
875,4033,4,1,2,1974,Downtown,Fair,No,64407
876,3867,3,1,3,1938,Urban,Fair,Yes,163926
880,3361,1,2,2,1942,Suburban,Good,Yes,787341
882,3917,5,2,2,1982,Rural,Poor,No,133100
883,2145,1,3,3,1947,Suburban,Excellent,Yes,915061
884,1705,1,2,1,1985,Rural,Fair,Yes,498636
886,3372,1,3,1,1959,Rural,Excellent,No,273059
887,3572,3,4,1,2015,Rural,Poor,Yes,617456
888,2354,3,1,3,2007,Suburban,Excellent,No,300396
889,4521,3,3,3,1995,Downtown,Fair,Yes,824769
890,3208,5,2,1,1949,Downtown,Fair,Yes,367006
893,701,2,1,2,1968,Downtown,Fair,Yes,574252
895,4712,3,3,2,1991,Urban,Excellent,No,241239
896,1074,3,1,1,1977,Downtown,Excellent,Yes,676517
897,1036,2,4,2,1971,Rural,Good,No,527044
899,2622,5,4,1,2020,Downtown,Poor,Yes,396113
900,885,4,2,2,2014,Urban,Excellent,No,64568
901,3781,2,1,2,1934,Urban,Poor,No,583754
902,974,1,2,2,2000,Urban,Fair,Yes,272129
904,4100,1,1,1,1957,Downtown,Excellent,Yes,938640
906,1705,3,1,2,1996,Downtown,Good,Yes,650243
907,4620,2,2,1,1971,Suburban,Poor,Yes,197748
908,2490,2,2,3,2014,Suburban,Good,Yes,144791
909,4072,1,3,3,2012,Rural,Fair,No,736874
910,4880,3,1,1,1980,Urban,Poor,Yes,945150
911,4658,1,2,3,1942,Urban,Good,No,596938
912,3213,4,4,1,1994,Downtown,Excellent,No,400434
913,2703,1,2,2,1997,Suburban,Good,Yes,127701
915,1466,1,3,3,1985,Downtown,Good,No,279164
916,3932,5,4,2,1977,Downtown,Good,No,503035
917,1188,5,2,3,1966,Rural,Good,Yes,655266
919,4201,4,4,2,1999,Urban,Good,No,709089
921,2224,1,1,3,2008,Rural,Poor,No,555920
922,4922,4,2,2,1965,Downtown,Poor,No,374888
927,2762,4,4,2,1980,Suburban,Poor,No,650988
928,2982,3,3,2,1995,Suburban,Fair,Yes,809774
930,1222,3,3,2,1993,Rural,Good,Yes,307571
933,3217,5,3,3,1943,Urban,Excellent,No,766696
935,3876,5,3,3,1980,Suburban,Excellent,No,580696
936,2000,5,1,2,1931,Suburban,Excellent,No,745763
937,785,3,3,3,2009,Downtown,Good,No,313369
938,3995,3,3,1,1969,Downtown,Excellent,Yes,979700
939,2565,2,4,3,2014,Urban,Good,Yes,513002
940,1268,1,4,1,1987,Suburban,Good,Yes,196444
943,2661,4,2,1,1981,Urban,Excellent,Yes,160401
944,3793,4,4,3,1987,Urban,Fair,No,276801
945,1446,2,4,3,2000,Urban,Excellent,No,821668
946,3835,2,4,3,2019,Urban,Good,Yes,553575
948,1981,5,1,1,2001,Suburban,Good,No,219259
949,2401,4,1,3,1933,Urban,Poor,No,297145
950,3951,2,1,1,1939,Rural,Poor,Yes,360625
951,4564,3,3,1,1946,Suburban,Fair,No,733835
952,554,3,3,1,1978,Downtown,Poor,Yes,94552
953,2323,5,2,3,1974,Urban,Poor,Yes,249041
954,3962,5,1,3,1985,Rural,Excellent,Yes,257606
955,3579,1,3,1,2017,Downtown,Excellent,No,804965
957,4908,1,4,1,1964,Suburban,Poor,Yes,450074
959,2990,5,2,1,1943,Downtown,Poor,Yes,124474
960,827,5,2,1,1975,Rural,Poor,No,337312
961,3810,3,4,1,1956,Urban,Good,No,606387
962,3800,5,2,3,2006,Urban,Poor,No,252252
964,3554,1,4,2,2003,Downtown,Good,Yes,373599
965,2643,1,3,1,2023,Downtown,Fair,No,628528
966,1811,1,3,3,1970,Rural,Poor,No,386940
968,3038,2,4,2,1984,Urban,Good,Yes,835034
969,4483,4,4,3,1933,Urban,Excellent,No,434325
971,4777,4,4,2,1985,Urban,Excellent,No,151611
972,1322,2,4,2,2005,Suburban,Good,Yes,632334
973,1443,2,4,3,1934,Downtown,Good,No,824756
974,4925,4,2,2,2015,Urban,Fair,Yes,66488
975,1274,4,4,2,1992,Rural,Excellent,Yes,239913
976,2698,5,1,1,1941,Downtown,Fair,No,430665
978,4742,5,4,2,2022,Suburban,Excellent,No,758029
979,4195,3,4,1,1981,Rural,Good,Yes,716205
980,3952,2,1,1,1977,Rural,Fair,Yes,741419
981,1414,4,2,3,1981,Downtown,Excellent,Yes,68394
982,1808,2,3,2,1991,Downtown,Good,No,930425
985,2420,3,4,1,2005,Downtown,Fair,No,218377
986,4094,1,4,3,2017,Suburban,Good,No,92628
987,1909,4,3,2,2008,Rural,Fair,Yes,857784
988,3690,1,3,1,1952,Suburban,Good,Yes,529898
989,4991,1,3,2,1971,Urban,Poor,Yes,919403
991,1304,2,3,1,1990,Downtown,Poor,Yes,220458
992,1779,5,1,2,1999,Downtown,Excellent,Yes,939459
994,3401,2,4,2,1996,Rural,Excellent,No,956644
995,1887,1,3,1,1948,Suburban,Excellent,Yes,528720
996,3261,2,4,3,1997,Downtown,Excellent,No,556357
998,2606,5,3,1,1971,Urban,Good,No,182335
999,4723,4,3,2,2002,Rural,Poor,No,456521
1000,3268,1,2,2,1962,Rural,Poor,Yes,890249
1001,4453,5,1,2,1946,Downtown,Excellent,No,991902
1003,3780,3,4,3,1956,Suburban,Good,No,256873
1004,3073,1,3,3,1936,Urban,Excellent,Yes,361251
1005,3099,1,2,3,1997,Suburban,Good,No,999656
1007,736,3,2,3,1939,Downtown,Good,Yes,998128
1008,1804,1,2,1,1991,Urban,Good,Yes,965672
1009,3930,3,2,2,1938,Suburban,Fair,No,411799
1010,1801,2,1,2,1961,Rural,Excellent,No,630420
1011,3041,4,1,3,2002,Suburban,Good,No,962133
1012,2551,4,1,1,1991,Rural,Good,Yes,155494
1013,941,4,3,2,1977,Rural,Poor,No,889411
1014,2576,2,4,1,1952,Urban,Poor,Yes,894445
1015,3680,3,2,1,2013,Rural,Good,Yes,275997
1016,3157,5,3,2,2001,Suburban,Excellent,No,638085
1018,1304,1,1,2,2005,Urban,Good,Yes,722010
1019,574,4,3,2,1981,Downtown,Fair,No,469230
1020,2675,3,1,2,2007,Suburban,Excellent,No,650709
1021,4424,5,2,1,2011,Suburban,Fair,Yes,319578
1024,2581,2,2,2,2001,Urban,Excellent,No,860763
1026,841,1,2,3,1968,Suburban,Fair,Yes,703761
1027,4552,4,4,3,1966,Downtown,Fair,No,517508
1028,2574,3,4,3,2007,Rural,Poor,Yes,227398
1029,1145,1,1,1,1994,Rural,Fair,Yes,395123
1030,4763,2,3,1,2010,Downtown,Poor,No,840555
1031,1109,5,2,2,2005,Downtown,Poor,No,328747
1032,954,5,4,2,2021,Downtown,Poor,No,378085
1034,2208,5,2,2,1982,Suburban,Good,Yes,768598
1035,3972,5,3,1,2011,Suburban,Good,Yes,920670
1036,3469,1,4,2,2023,Suburban,Poor,No,485935
1038,3181,3,4,3,2003,Suburban,Excellent,Yes,353895
1039,4129,1,1,2,1966,Urban,Poor,No,962894
1040,4725,4,1,2,1986,Suburban,Good,Yes,136978
1043,4276,5,2,3,1960,Rural,Excellent,No,218769
1044,3366,4,4,2,1970,Urban,Poor,Yes,406668
1045,3863,3,4,2,2009,Suburban,Fair,Yes,410013
1046,4624,3,3,3,1933,Rural,Excellent,Yes,735352
1047,648,4,3,2,2005,Downtown,Poor,No,375969
1049,2558,2,2,2,1957,Downtown,Excellent,No,442619
1051,686,5,3,1,1947,Urban,Good,Yes,288078
1052,3354,4,1,2,2014,Suburban,Fair,Yes,290140
1053,1750,1,4,3,1981,Downtown,Fair,Yes,717481
1054,1833,3,4,1,1940,Suburban,Good,Yes,697659
1055,4693,2,3,3,1947,Suburban,Poor,No,457435
1056,4650,3,4,2,1944,Downtown,Poor,Yes,838049
1057,3211,4,1,1,2005,Suburban,Fair,No,93016
1059,1250,4,3,3,2015,Urban,Fair,Yes,336420
1060,2262,1,1,2,1977,Suburban,Fair,No,805247
1061,4420,5,4,2,2007,Downtown,Good,Yes,384384
1064,653,5,2,2,1938,Suburban,Poor,Yes,592247
1065,2024,4,3,2,2018,Rural,Excellent,Yes,602810
1066,2620,2,2,1,1978,Suburban,Poor,No,499303
1067,2843,1,1,3,1979,Rural,Excellent,No,453169
1069,560,3,2,2,2003,Suburban,Poor,No,503739
1070,1438,1,4,1,1973,Downtown,Good,No,112708
1071,2139,4,3,2,1962,Suburban,Good,No,176206
1072,4620,5,3,3,1967,Rural,Good,Yes,596848
1073,4726,5,1,1,2014,Rural,Fair,Yes,632678
1076,4703,1,3,1,1984,Urban,Good,Yes,357248
1077,671,4,1,1,2022,Suburban,Excellent,No,632093
1078,1958,2,4,2,2010,Rural,Excellent,Yes,286109
1079,4049,3,4,2,1977,Suburban,Poor,No,545951
1080,4697,4,3,3,1932,Suburban,Poor,Yes,336640
1081,2822,4,2,1,2011,Downtown,Good,No,788661
1083,3615,5,2,2,1982,Downtown,Poor,No,53515
1087,4140,5,1,1,2000,Downtown,Excellent,No,910352
1088,4394,4,3,2,2004,Urban,Excellent,No,325871
1089,4607,3,2,2,1981,Downtown,Good,No,702664
1090,1841,3,3,2,1974,Suburban,Excellent,Yes,643358
1091,4163,5,1,2,1947,Downtown,Poor,No,935491
1093,838,1,1,2,1975,Downtown,Fair,Yes,278497
1094,4562,2,3,1,1953,Urban,Poor,No,691501
1096,3652,4,4,3,2006,Downtown,Fair,Yes,599753
1097,2250,5,3,1,2022,Downtown,Good,No,234972
1098,2921,2,2,3,1939,Urban,Good,No,634087
1099,1209,5,1,2,2007,Downtown,Fair,Yes,560237
1100,4226,5,4,2,1992,Suburban,Fair,No,670417
1101,4142,2,2,2,2022,Downtown,Excellent,Yes,464546
1102,4493,1,1,1,1993,Downtown,Poor,No,713662
1104,546,2,4,1,1972,Rural,Good,No,293761
1105,3859,3,3,1,2010,Downtown,Good,No,292821
1107,4490,3,2,3,1992,Rural,Poor,Yes,601507
1108,3657,1,2,2,1996,Downtown,Fair,No,872614
1109,4845,4,2,1,1973,Rural,Excellent,No,785901
1110,890,4,1,2,1997,Downtown,Good,Yes,485485
1111,4353,5,2,3,2007,Rural,Poor,Yes,391925
1112,4930,3,2,2,1954,Rural,Good,No,56457
1113,1128,1,2,3,1971,Suburban,Poor,Yes,974253
1114,4732,4,3,3,2000,Downtown,Poor,No,83064
1115,3430,2,3,2,2017,Downtown,Poor,Yes,977325
1116,2021,4,1,1,1959,Downtown,Excellent,Yes,689544
1117,1326,2,1,2,1996,Downtown,Excellent,No,934729
1118,2000,1,2,1,2010,Rural,Excellent,Yes,808947
1120,2919,4,4,2,2007,Suburban,Poor,Yes,975168
1121,1434,1,4,1,2003,Urban,Good,Yes,210353
1122,3542,4,2,1,2008,Downtown,Fair,Yes,832351
1124,1966,4,3,2,1995,Rural,Poor,No,475037
1127,1682,2,1,3,2006,Suburban,Good,No,644206
1128,3723,3,1,1,2015,Suburban,Excellent,No,263057
1129,3167,1,2,3,1932,Downtown,Excellent,Yes,526015
1130,630,2,1,2,1939,Rural,Fair,No,926611
1131,3483,5,3,3,1931,Downtown,Good,Yes,387088
1132,4778,5,3,2,1968,Rural,Excellent,Yes,139142
1135,4459,2,2,2,1956,Downtown,Good,Yes,120605
1136,4087,4,4,3,1941,Downtown,Fair,No,331767
1137,1420,1,2,2,1997,Downtown,Excellent,No,618728
1139,4611,3,1,1,2019,Rural,Excellent,No,975208
1140,992,5,2,2,1986,Rural,Poor,No,405970
1141,1631,4,2,2,1934,Suburban,Good,No,339604
1142,4021,5,2,3,2013,Urban,Good,No,264117
1143,810,4,3,1,1970,Urban,Fair,No,788165
1144,1238,3,3,3,1978,Downtown,Fair,No,516727
1145,3741,1,4,2,1952,Suburban,Poor,No,160373
1146,1045,3,1,2,1953,Rural,Fair,Yes,974069
1147,2961,1,3,3,1983,Downtown,Fair,Yes,317014
1148,4846,1,2,2,2013,Suburban,Fair,Yes,68909
1150,3712,3,1,3,1966,Suburban,Good,No,299975
1151,4310,4,3,1,2023,Suburban,Fair,Yes,903906
1152,1313,3,2,1,1961,Urban,Good,No,668214
1153,4624,5,4,1,1954,Downtown,Good,No,487538
1154,2532,1,2,3,1945,Rural,Excellent,Yes,177463
1156,744,2,4,1,1997,Urban,Good,Yes,856560
1157,771,2,3,1,1945,Rural,Fair,No,301981
1160,1762,4,4,2,1947,Downtown,Fair,Yes,836872
1162,4861,2,4,2,1938,Suburban,Fair,No,697779
1163,1420,4,4,3,2006,Rural,Excellent,Yes,979167
1164,3930,2,1,3,1934,Suburban,Fair,Yes,547275
1165,4935,1,4,3,1948,Suburban,Good,No,200619
1166,4984,5,3,3,1945,Downtown,Poor,Yes,655950
1167,3124,4,2,3,1937,Rural,Fair,Yes,810416
1169,2550,3,2,2,1953,Downtown,Poor,No,284152
1170,4000,4,3,1,1936,Suburban,Fair,No,319182
1171,1665,1,3,3,1990,Rural,Excellent,Yes,842846
1172,875,1,3,2,1991,Downtown,Good,No,530875
1173,2533,3,3,1,1939,Suburban,Poor,No,905938
1174,645,2,3,1,1933,Downtown,Poor,No,913018
1175,4888,4,4,3,1995,Rural,Excellent,Yes,445822
1176,931,2,3,1,1978,Downtown,Good,No,852914
1177,1204,1,3,1,2007,Urban,Excellent,Yes,804189
1179,4994,1,3,1,1932,Urban,Excellent,No,608236
1180,1463,2,2,1,1946,Urban,Fair,Yes,402131
1181,2734,3,3,3,2009,Suburban,Excellent,No,272873
1182,2541,5,4,3,1951,Suburban,Poor,No,272322
1183,2328,3,4,1,2017,Downtown,Poor,Yes,70875
1184,2608,3,4,3,1979,Suburban,Poor,Yes,325201
1185,4568,5,1,3,1992,Urban,Excellent,No,82400
1187,1306,4,3,1,1932,Rural,Poor,No,118607
1188,1963,4,1,3,1959,Suburban,Fair,No,923993
1189,3915,3,3,3,2012,Urban,Fair,Yes,339647
1190,510,3,1,1,1992,Rural,Good,Yes,466981
1191,2368,1,1,2,1976,Rural,Good,Yes,151096
1193,4064,4,4,2,1957,Urban,Excellent,Yes,934750
1194,1889,4,1,1,1984,Downtown,Good,Yes,311538
1195,3901,1,4,1,1968,Urban,Excellent,Yes,134335
1198,2765,2,4,2,2019,Suburban,Good,Yes,131748
1199,1436,1,4,2,2014,Downtown,Excellent,Yes,976932
1200,3300,2,4,3,2020,Suburban,Fair,Yes,736779
1202,4345,4,1,2,1964,Urban,Poor,No,779055
1204,553,1,4,2,1956,Urban,Fair,Yes,676692
1205,1226,3,1,1,2010,Rural,Excellent,No,351286
1206,3236,1,2,3,1945,Urban,Good,No,835608
1209,2096,2,2,2,1972,Urban,Good,Yes,389092
1210,2414,5,2,2,2012,Rural,Fair,No,895383
1211,2966,2,3,3,2004,Rural,Poor,No,61755
1212,3237,5,1,2,1966,Rural,Poor,Yes,827203
1217,4569,3,1,1,1948,Downtown,Good,Yes,306760
1218,1392,5,3,1,1948,Downtown,Excellent,No,67175
1219,2530,4,3,3,1988,Urban,Excellent,No,902119
1221,2876,3,3,3,1961,Urban,Poor,Yes,531503
1222,2433,4,2,1,2017,Downtown,Fair,No,800071
1223,1880,1,4,3,1935,Suburban,Good,No,729648
1224,4181,1,3,2,1938,Suburban,Poor,Yes,96629
1225,1790,3,1,3,1952,Downtown,Poor,Yes,691067
1226,2140,5,2,1,1989,Urban,Fair,Yes,228872
1227,3182,2,1,1,1977,Rural,Good,No,742727
1228,1487,3,4,3,2002,Urban,Poor,No,520970
1229,1718,4,1,2,1955,Urban,Excellent,Yes,380657
1230,1855,4,3,3,2003,Downtown,Good,No,657050
1232,4635,4,4,2,1955,Downtown,Fair,No,774689
1233,2060,3,1,3,2017,Urban,Poor,No,969163
1237,1474,1,3,2,2019,Downtown,Excellent,No,66040
1238,4633,4,4,1,1934,Suburban,Poor,No,119806
1239,4472,3,2,3,1976,Downtown,Poor,Yes,718646
1240,1413,5,2,1,1951,Rural,Good,No,250211
1241,536,1,4,1,1930,Urban,Fair,Yes,686364
1242,3887,2,4,1,2001,Suburban,Fair,No,105916
1243,2211,3,2,2,2006,Downtown,Excellent,Yes,722960
1244,3520,2,1,3,1986,Downtown,Excellent,No,445507
1245,1295,2,2,3,1967,Suburban,Excellent,No,456339
1246,4536,4,4,2,1951,Suburban,Good,No,840243
1247,3611,4,2,3,1979,Urban,Fair,No,605564
1250,2896,3,3,2,1992,Rural,Poor,Yes,251750
1251,2662,5,2,1,1974,Rural,Poor,Yes,269854
1252,3245,2,1,2,1955,Downtown,Excellent,Yes,796403
1253,2091,1,3,1,1996,Rural,Poor,Yes,994218
1254,3611,3,2,1,1957,Rural,Poor,No,761045
1255,4430,3,2,3,1992,Urban,Poor,Yes,717554
1256,2496,5,1,1,1963,Downtown,Good,No,385206
1257,1812,2,4,2,2022,Suburban,Excellent,No,200434
1258,1785,2,2,3,2002,Downtown,Excellent,No,890931
1261,3739,4,3,2,2022,Downtown,Poor,No,836408
1262,2639,1,4,2,1954,Downtown,Good,Yes,827981
1263,2204,3,1,1,2002,Downtown,Excellent,No,554869
1264,862,1,3,3,2005,Downtown,Poor,No,753196
1265,3104,3,3,2,1961,Urban,Excellent,Yes,578883
1266,2216,4,3,1,2011,Downtown,Good,No,670218
1267,4951,2,2,3,1989,Rural,Fair,No,196474
1268,4786,5,2,3,2003,Rural,Good,No,311745
1269,4238,4,4,3,1972,Urban,Fair,No,770643
1270,2969,1,3,2,2004,Suburban,Excellent,No,404820
1271,1056,5,3,2,1997,Suburban,Excellent,Yes,748083
1272,1325,2,1,2,2008,Rural,Poor,No,232394
1273,3308,4,4,3,1976,Rural,Fair,No,752124
1274,3219,5,1,2,1954,Urban,Good,Yes,468127
1275,4008,4,4,1,2018,Suburban,Excellent,No,796648
1276,4241,4,4,2,1935,Suburban,Fair,Yes,855837
1277,2074,2,2,2,1988,Downtown,Good,No,108122
1279,2629,5,1,2,1943,Downtown,Good,Yes,282661
1283,2512,3,3,3,1930,Suburban,Fair,Yes,60662
1284,2047,5,1,3,1992,Rural,Fair,No,506217
1285,794,3,2,2,2013,Downtown,Poor,Yes,632570
1287,3617,5,4,3,1959,Urban,Fair,Yes,865014
1290,2564,5,2,3,1994,Downtown,Good,Yes,223285
1291,4955,5,1,3,2003,Suburban,Excellent,Yes,681866
1292,1507,2,2,3,1978,Rural,Excellent,Yes,912303
1293,3014,4,1,3,1932,Suburban,Poor,Yes,657493
1295,1747,3,3,2,1941,Downtown,Fair,Yes,942215
1297,1935,3,4,1,2000,Suburban,Excellent,Yes,133805
1298,1071,1,3,2,1972,Suburban,Good,No,174698
1300,1745,5,2,3,1971,Urban,Poor,No,974570
1301,2584,1,3,1,1995,Urban,Good,Yes,60712
1302,777,3,4,3,2011,Downtown,Poor,No,393671
1304,1765,4,1,2,1990,Rural,Poor,Yes,701176
1306,1417,3,1,3,1976,Downtown,Excellent,No,568680
1307,1385,3,3,2,2018,Suburban,Poor,No,246437
1308,3252,1,3,1,1984,Rural,Fair,Yes,661473
1309,521,3,3,2,2008,Urban,Good,Yes,411995
1310,3691,2,1,2,1930,Rural,Fair,Yes,474022
1311,2853,1,4,1,2000,Urban,Excellent,No,586498
1312,1186,2,2,2,2011,Downtown,Good,Yes,86972
1313,784,5,3,3,2021,Rural,Poor,Yes,811254
1314,4247,4,4,1,2006,Suburban,Fair,Yes,346280
1315,1262,5,2,3,1953,Suburban,Fair,Yes,487513
1319,1406,2,4,2,1942,Downtown,Poor,Yes,391324
1320,3604,4,1,3,1988,Urban,Fair,Yes,382597
1321,4499,1,4,2,2014,Rural,Poor,No,921836
1322,3494,2,4,1,1998,Urban,Good,Yes,980728
1323,3006,1,4,3,1946,Downtown,Poor,No,53052
1324,4109,2,2,3,2002,Urban,Fair,Yes,339416
1325,4053,2,3,1,1970,Suburban,Excellent,No,353294
1326,1953,5,1,1,1937,Suburban,Poor,No,801564
1327,3856,4,3,3,1995,Urban,Poor,Yes,198388
1328,1015,4,3,1,1966,Downtown,Fair,No,496605
1329,538,2,4,2,1961,Downtown,Excellent,Yes,712600
1330,3842,3,1,1,2008,Suburban,Excellent,No,933527
1331,1386,3,3,1,1938,Downtown,Good,Yes,380918
1332,3344,1,3,3,1936,Urban,Good,Yes,879607
1333,2704,1,1,2,2018,Rural,Fair,Yes,443781
1334,1598,5,4,1,2013,Urban,Excellent,No,66375
1335,2323,2,3,2,1985,Suburban,Excellent,Yes,599998
1337,3655,1,3,2,1980,Suburban,Good,Yes,828912
1338,3593,2,2,3,1951,Downtown,Fair,No,720534
1339,4030,5,4,1,1990,Urban,Excellent,Yes,419170
1340,4278,1,3,3,1932,Rural,Poor,No,530545
1341,3396,5,1,1,2009,Urban,Good,No,77597
1342,3953,4,1,1,1980,Rural,Fair,No,386433
1343,4011,5,3,3,1941,Urban,Excellent,Yes,481613
1344,1488,3,4,2,1975,Suburban,Excellent,Yes,135687
1345,4616,3,4,2,2011,Rural,Good,No,168968
1346,4526,5,1,1,2009,Urban,Fair,Yes,614562
1348,2182,4,4,2,2011,Downtown,Good,No,253570
1351,4098,3,3,1,2023,Rural,Poor,No,866473
1352,3733,5,2,3,2005,Urban,Fair,Yes,974752
1353,2480,4,2,1,2012,Downtown,Poor,No,397509
1354,2355,2,4,2,1963,Rural,Fair,Yes,969707
1355,3556,5,4,2,2022,Downtown,Fair,Yes,888418
1356,1292,5,4,2,1992,Downtown,Fair,No,861802
1357,1291,4,3,2,2013,Urban,Fair,Yes,347391
1361,2107,4,2,1,1979,Urban,Fair,Yes,830768
1363,4176,5,3,3,2019,Urban,Poor,No,637270
1364,3880,1,1,2,2019,Downtown,Poor,No,901612
1366,1090,4,4,2,1937,Rural,Poor,No,739834
1367,1550,1,3,1,1937,Rural,Excellent,No,336788
1368,4133,3,2,1,1952,Suburban,Fair,Yes,612781
1369,4944,4,3,1,1992,Rural,Poor,Yes,395968
1370,1459,2,1,1,2004,Rural,Excellent,Yes,564922
1371,1192,3,2,1,1999,Urban,Poor,No,971463
1372,4399,5,2,2,1989,Downtown,Good,Yes,883721
1373,4973,1,1,1,1930,Rural,Poor,No,978647
1374,3446,3,4,2,1943,Suburban,Poor,Yes,482809
1375,1026,3,2,3,1959,Rural,Good,No,482331
1376,3724,5,4,1,1975,Downtown,Fair,Yes,816505
1377,2753,4,2,2,2018,Rural,Good,Yes,727900
1379,4465,5,4,3,1978,Downtown,Good,Yes,276577
1380,2375,2,2,3,1972,Rural,Poor,Yes,651385
1381,2263,4,4,2,1938,Urban,Poor,No,859010
1382,1020,3,1,1,1941,Downtown,Fair,Yes,980291
1383,1516,2,4,1,1947,Rural,Fair,Yes,384192
1385,2933,1,2,1,1995,Suburban,Excellent,No,233951
1386,1083,5,4,2,1988,Urban,Poor,No,191668
1387,894,4,2,1,2002,Suburban,Poor,No,503885
1389,3268,5,1,1,1978,Urban,Excellent,Yes,229022
1390,4667,5,1,2,1995,Suburban,Fair,No,932169
1392,773,1,1,3,2021,Urban,Fair,Yes,496049
1393,2513,5,2,2,2007,Rural,Excellent,Yes,172540
1394,4933,1,2,1,1942,Downtown,Poor,Yes,741349
1395,1889,4,3,1,2015,Suburban,Excellent,Yes,866615
1396,4066,5,1,3,1934,Urban,Poor,Yes,332902
1397,665,1,2,2,1997,Urban,Poor,No,706442
1398,2067,2,4,3,2001,Rural,Poor,Yes,812301
1399,1228,5,1,1,2019,Downtown,Poor,No,670656
1400,2543,5,2,3,1953,Urban,Good,Yes,620179
1401,4697,4,1,2,2020,Urban,Excellent,No,96901
1402,3996,3,4,3,1961,Downtown,Fair,Yes,526728
1403,1278,3,2,2,1968,Urban,Poor,No,416056
1404,713,4,3,2,1981,Downtown,Poor,No,645350
1407,2948,3,4,1,1988,Rural,Poor,No,908440
1408,3436,4,2,2,1995,Downtown,Fair,No,445991
1409,3617,1,4,3,1989,Downtown,Fair,No,983332
1410,1091,5,2,2,2015,Suburban,Good,No,553528
1411,3220,5,1,1,1985,Suburban,Fair,No,569149
1412,1213,2,2,1,1930,Rural,Excellent,No,854406
1413,1435,2,4,3,2006,Downtown,Excellent,Yes,727748
1415,501,1,1,1,1955,Suburban,Poor,No,302990
1416,3348,3,4,1,2020,Urban,Excellent,Yes,330759
1417,4544,3,2,3,1975,Downtown,Good,No,72838
1418,2449,1,1,2,2016,Suburban,Excellent,No,352872
1419,1417,3,2,1,1991,Rural,Poor,Yes,690537
1420,3674,4,4,3,1969,Urban,Good,Yes,652288
1421,2741,5,1,1,2022,Urban,Excellent,No,364942
1426,3541,2,4,2,1957,Downtown,Good,Yes,744199
1427,605,3,2,1,1958,Downtown,Excellent,No,846680
1428,1386,2,1,3,1992,Urban,Poor,No,95291
1429,927,1,3,1,1979,Urban,Good,Yes,919061
1430,2395,1,4,2,1953,Downtown,Fair,No,265963
1431,816,3,4,1,1945,Suburban,Fair,No,175612
1433,2425,1,2,3,1963,Suburban,Excellent,No,462699
1435,3644,4,2,3,2022,Suburban,Fair,No,874965
1437,1939,1,1,1,1950,Urban,Excellent,No,154997
1438,1052,3,2,1,1977,Downtown,Excellent,No,110611
1439,1215,5,2,3,1938,Downtown,Poor,Yes,661530
1440,4411,5,1,1,1936,Urban,Poor,No,467876
1441,2213,1,3,1,1949,Urban,Fair,No,760463
1442,3889,1,4,1,1933,Rural,Excellent,Yes,417057
1443,1607,1,1,2,1974,Urban,Good,Yes,92082
1444,4706,3,4,3,2017,Downtown,Fair,Yes,197330
1445,750,4,4,3,2003,Rural,Poor,Yes,677901
1446,2930,1,1,3,1932,Downtown,Excellent,Yes,934747
1447,2554,1,3,2,1930,Suburban,Poor,Yes,926122
1448,958,2,4,3,2022,Urban,Poor,Yes,145220
1449,707,3,1,2,1953,Suburban,Excellent,No,589677
1450,1399,1,2,2,1943,Downtown,Fair,No,141860
1451,3961,2,2,3,1933,Suburban,Excellent,No,733045
1452,3885,5,2,1,2013,Suburban,Fair,Yes,502436
1453,521,1,1,1,1970,Downtown,Poor,No,994699
1454,909,1,2,3,2021,Downtown,Excellent,Yes,71797
1455,1394,2,4,3,2012,Urban,Good,No,948407
1456,1014,3,2,2,2017,Suburban,Fair,No,933601
1457,4609,1,2,3,1961,Rural,Good,No,820227
1459,4095,1,2,3,1945,Downtown,Excellent,Yes,810943
1460,3456,5,4,1,1955,Downtown,Good,Yes,274997
1462,1766,4,4,3,2017,Downtown,Fair,Yes,450404
1463,2669,5,2,2,1988,Rural,Fair,Yes,335840
1464,4138,3,4,1,1960,Urban,Fair,No,52024
1466,3927,1,4,3,2022,Suburban,Poor,Yes,711944
1467,2427,4,2,3,1937,Urban,Fair,Yes,403142
1468,4304,5,2,1,1983,Downtown,Good,Yes,208116
1469,4202,1,3,3,1933,Downtown,Fair,No,831627
1470,2856,1,4,1,2012,Downtown,Excellent,No,317429
1471,2835,3,1,2,1943,Downtown,Poor,Yes,506331
1472,806,2,4,1,2007,Suburban,Good,No,843802
1475,1161,2,4,1,1958,Urban,Poor,Yes,934336
1477,3420,3,1,3,1998,Rural,Poor,No,417304
1478,1582,3,4,2,1983,Suburban,Poor,No,478416
1480,1254,3,2,2,1944,Downtown,Excellent,No,251474
1481,4630,2,2,2,2007,Rural,Good,Yes,456782
1482,852,1,3,1,1990,Suburban,Good,No,874254
1483,1402,2,3,3,1958,Rural,Good,Yes,419556
1484,4388,5,4,2,1961,Suburban,Excellent,Yes,887654
1485,658,4,1,1,1958,Downtown,Good,Yes,930520
1486,2477,3,3,2,1948,Urban,Excellent,Yes,543301
1487,1456,5,4,3,1999,Downtown,Fair,No,402594
1488,2571,3,3,3,1962,Urban,Fair,Yes,493884
1489,903,1,1,3,1986,Urban,Excellent,No,683654
1490,3279,1,4,1,1931,Suburban,Good,Yes,422222
1493,1455,5,3,1,2001,Downtown,Poor,No,960226
1494,2212,1,2,3,1969,Rural,Excellent,No,203405
1495,1773,5,3,1,2022,Urban,Poor,Yes,459174
1496,4311,3,3,3,2004,Urban,Fair,Yes,626730
1497,3125,5,2,2,1961,Downtown,Poor,No,464170
1498,2882,3,2,3,1946,Rural,Excellent,Yes,280755
1499,1941,3,4,3,1933,Downtown,Fair,No,583963
1500,3479,4,4,1,1999,Downtown,Poor,Yes,139590
1501,2297,3,1,1,2000,Suburban,Excellent,Yes,420714
1503,4509,2,3,1,2003,Rural,Poor,No,638577
1504,1894,1,2,1,2003,Downtown,Excellent,Yes,67184
1505,4781,4,1,1,1953,Rural,Excellent,No,884395
1506,1769,4,3,2,1975,Urban,Good,No,731182
1507,4214,4,2,3,1984,Downtown,Good,Yes,505519
1508,1029,2,4,3,1939,Rural,Poor,No,257537
1510,3458,1,4,2,1966,Rural,Poor,Yes,233719
1511,3414,5,1,3,1981,Urban,Excellent,No,899246
1512,4091,3,1,2,1952,Suburban,Poor,No,872457
1513,2647,2,2,2,2014,Downtown,Excellent,Yes,171246
1514,3869,3,3,2,1963,Downtown,Poor,Yes,389749
1515,1439,3,4,3,1982,Urban,Excellent,Yes,706341
1516,1025,2,2,2,1946,Suburban,Excellent,No,879868
1519,2840,1,3,1,1971,Rural,Excellent,No,730947
1520,4505,1,4,1,2011,Rural,Poor,Yes,913624
1522,2865,5,4,2,1951,Urban,Poor,Yes,957023
1523,2025,3,4,3,1947,Downtown,Poor,No,396655
1524,4976,5,3,2,1942,Downtown,Excellent,No,583953
1525,2146,3,2,2,1938,Downtown,Excellent,Yes,732457
1526,513,4,3,3,1948,Rural,Fair,Yes,927709
1527,2778,1,3,2,2012,Downtown,Excellent,No,626762
1529,629,5,1,3,2008,Urban,Fair,No,468401
1531,3716,4,3,1,1970,Rural,Fair,Yes,142643
1532,3438,5,1,3,2009,Suburban,Fair,No,866916
1533,4428,3,4,1,1954,Downtown,Fair,No,309383
1535,527,2,2,3,1948,Downtown,Poor,No,226682
1536,2613,1,2,3,1935,Downtown,Good,No,756167
1538,4856,5,3,2,1936,Suburban,Excellent,Yes,800639
1539,2546,3,4,1,2015,Suburban,Fair,No,146453
1541,4896,4,1,2,1954,Downtown,Good,Yes,782320
1544,3581,4,3,2,2005,Suburban,Excellent,No,462167
1545,4278,3,1,3,1980,Rural,Poor,Yes,535320
1546,1129,5,1,2,1992,Suburban,Good,No,458449
1547,769,4,1,2,1993,Downtown,Poor,Yes,587488
1548,3139,5,2,3,1970,Downtown,Excellent,Yes,626563
1549,2493,2,3,3,1996,Rural,Excellent,No,519284
1550,3391,2,1,1,1970,Rural,Excellent,Yes,925433
1551,3932,1,3,2,2021,Rural,Fair,Yes,726651
1554,1075,5,1,1,1972,Urban,Poor,Yes,665973
1556,3692,1,4,3,1934,Urban,Good,Yes,847051
1557,3678,2,3,1,1962,Suburban,Fair,Yes,679742
1558,3234,2,1,3,1967,Urban,Excellent,Yes,576054
1559,2712,5,4,2,1999,Suburban,Poor,Yes,839981
1560,2852,4,3,1,1991,Suburban,Poor,Yes,724053
1561,4068,1,1,2,1956,Urban,Excellent,No,505235
1564,2703,2,3,3,1982,Rural,Good,No,944370
1565,1890,4,4,2,2005,Downtown,Fair,No,964105
1566,2242,1,3,2,2000,Suburban,Poor,Yes,543496
1567,2425,1,3,2,1938,Downtown,Fair,No,884760
1568,1119,3,3,3,1987,Urban,Excellent,No,520917
1569,1774,1,2,2,1979,Rural,Excellent,No,270172
1570,1456,4,4,2,1996,Urban,Fair,No,75301
1572,4453,3,1,3,1933,Downtown,Good,No,201837
1573,2881,2,2,2,1970,Suburban,Fair,Yes,881219
1574,1468,2,2,1,1974,Urban,Excellent,Yes,957107
1575,1816,1,4,3,1930,Rural,Excellent,No,57425
1576,1543,3,3,3,1992,Rural,Good,Yes,325001
1577,781,2,4,3,1961,Suburban,Fair,No,233843
1579,1558,2,3,3,1930,Downtown,Good,No,465660
1581,3032,3,3,2,2002,Suburban,Poor,Yes,615745
1583,1508,5,1,2,1956,Suburban,Fair,No,785101
1584,1729,4,3,2,1974,Rural,Poor,No,443920
1585,1535,3,1,1,1933,Downtown,Excellent,No,579740
1586,775,1,1,2,2002,Downtown,Fair,Yes,161153
1587,3240,4,2,3,1967,Suburban,Excellent,Yes,875294
1588,2789,4,1,2,1974,Urban,Poor,Yes,242543
1590,625,4,2,3,1965,Urban,Fair,Yes,330444
1592,4812,2,1,2,1938,Urban,Excellent,No,450717
1593,4368,5,4,2,1976,Downtown,Fair,No,51845
1594,1708,2,3,1,1936,Urban,Excellent,Yes,169342
1595,3749,3,1,2,1980,Suburban,Fair,Yes,875613
1597,4423,2,4,3,1943,Downtown,Excellent,Yes,811654
1598,4903,1,3,2,2023,Rural,Excellent,No,813292
1600,3293,1,3,2,1970,Rural,Fair,Yes,298850
1601,1391,3,4,3,2001,Downtown,Poor,Yes,788650
1603,2533,3,4,1,1976,Rural,Good,No,608692
1604,1864,4,1,1,2000,Rural,Poor,Yes,596852
1605,628,2,4,1,1965,Rural,Excellent,Yes,672186
1606,1514,5,1,3,1940,Suburban,Poor,Yes,330371
1607,2299,4,3,1,1974,Downtown,Good,No,570919
1608,2018,1,4,2,1987,Downtown,Poor,Yes,145259
1609,4681,3,3,2,1969,Downtown,Excellent,Yes,174451
1610,1698,2,2,3,1960,Downtown,Poor,Yes,490691
1612,2974,2,2,2,1970,Suburban,Excellent,No,180577
1613,3985,5,3,3,2020,Urban,Good,Yes,832680
1614,4549,3,1,1,2002,Suburban,Good,Yes,121074
1615,4219,3,3,2,1982,Rural,Poor,No,989203
1616,802,5,1,1,1969,Suburban,Fair,No,682909
1617,4452,3,1,3,2006,Downtown,Poor,No,979958
1619,2363,2,1,3,2006,Downtown,Poor,No,156759
1620,4940,1,2,1,2002,Suburban,Good,Yes,178471
1621,3572,5,4,2,1965,Downtown,Poor,Yes,858143
1623,1827,1,3,3,1967,Downtown,Fair,Yes,622686
1624,2908,1,1,3,1957,Suburban,Good,No,837718
1625,4173,5,1,1,1969,Rural,Fair,No,215369
1626,3791,4,2,1,2012,Suburban,Poor,No,682592
1627,4533,1,3,2,1956,Rural,Excellent,No,154959
1628,1203,1,3,3,1936,Urban,Poor,No,289317
1629,1074,4,4,3,1960,Urban,Poor,Yes,731845
1630,3732,3,4,1,1991,Urban,Fair,Yes,372111
1632,4328,2,2,2,1970,Suburban,Excellent,Yes,179745
1633,3730,4,2,2,1972,Rural,Fair,Yes,104583
1635,1847,5,3,3,1996,Rural,Excellent,No,494846
1636,4181,2,2,2,1964,Rural,Excellent,No,161359
1637,3673,1,3,1,2014,Downtown,Fair,No,601374
1641,4053,2,1,1,1991,Downtown,Poor,Yes,565329
1643,1350,4,4,1,1996,Urban,Good,No,724035
1644,1888,3,3,1,1964,Downtown,Fair,No,956587
1645,4212,5,4,2,1976,Rural,Poor,No,110664
1646,1867,1,3,3,2000,Suburban,Fair,Yes,467896
1647,1321,4,3,3,1983,Rural,Fair,No,984581
1648,954,4,4,2,1964,Suburban,Excellent,Yes,956906
1649,2124,5,3,2,1951,Rural,Excellent,No,389112
1650,3272,3,3,3,1966,Rural,Excellent,Yes,970995
1651,4226,1,3,3,1981,Suburban,Poor,No,751486
1652,3647,3,2,3,2004,Urban,Fair,No,817018
1653,4589,2,3,3,1977,Downtown,Excellent,Yes,446608
1654,2690,3,2,3,1930,Rural,Excellent,Yes,505473
1655,1416,4,2,2,1990,Urban,Excellent,No,117804
1657,3375,3,3,3,1954,Urban,Poor,No,479767
1658,1940,1,2,3,2009,Urban,Fair,No,864520
1659,4900,1,2,1,1992,Downtown,Fair,Yes,261087
1660,1235,2,3,1,1935,Rural,Fair,No,992969
1661,4068,2,3,1,2000,Urban,Excellent,No,491371
1663,3515,5,2,1,1952,Rural,Poor,No,842401
1665,1461,5,4,2,1985,Downtown,Excellent,No,464248
1668,1526,1,2,2,2018,Suburban,Excellent,Yes,336552
1669,4365,5,4,1,1985,Suburban,Poor,Yes,729601
1672,2447,3,4,1,1935,Rural,Good,Yes,756465
1674,511,2,3,3,2015,Suburban,Poor,No,53657
1676,3864,2,2,3,1976,Suburban,Good,Yes,986184
1677,3522,1,3,1,2017,Rural,Good,No,263766
1678,3871,3,4,2,2000,Rural,Fair,No,659019
1679,3330,2,3,2,2018,Rural,Good,No,223412
1680,542,2,3,2,1988,Suburban,Excellent,No,741310
1682,2890,3,1,3,1954,Urban,Fair,No,783902
1683,3045,4,4,3,1938,Rural,Excellent,Yes,54329
1684,2911,3,1,1,1983,Downtown,Good,Yes,348009
1685,1504,5,4,3,1932,Urban,Poor,No,772300
1687,906,2,2,2,1955,Urban,Excellent,Yes,87869
1688,1514,1,2,2,1999,Rural,Poor,No,247977
1689,4931,3,4,1,1980,Downtown,Poor,No,956617
1691,3688,2,3,1,1945,Urban,Good,No,133984
1693,4646,1,1,2,2009,Suburban,Fair,Yes,151069
1695,4919,3,1,3,2019,Downtown,Poor,Yes,926143
1696,640,1,4,3,1983,Downtown,Poor,Yes,378396
1698,872,4,1,1,1991,Downtown,Excellent,No,168728
1700,3041,1,1,2,1987,Downtown,Fair,No,969215
1702,2192,1,2,3,1988,Rural,Fair,No,792647
1704,2181,3,1,2,1996,Suburban,Excellent,No,664997
1705,4597,5,4,2,1965,Downtown,Excellent,No,365414
1706,4516,2,2,2,1978,Urban,Excellent,No,514838
1707,3136,5,4,2,1985,Downtown,Fair,No,891967
1708,2637,2,3,2,2023,Downtown,Fair,No,305560
1709,3916,3,4,1,1973,Rural,Fair,Yes,818026
1710,4945,3,1,3,1981,Suburban,Fair,No,782119
1712,1786,2,2,1,1945,Urban,Fair,No,325536
1713,3679,4,2,1,2012,Downtown,Good,No,528803
1714,4154,2,3,1,1990,Urban,Poor,No,445462
1716,944,3,2,2,1932,Suburban,Fair,Yes,176951
1718,1975,4,3,3,1989,Suburban,Fair,Yes,533419
1719,4457,2,1,1,1976,Downtown,Excellent,Yes,198306
1721,2345,3,2,2,2020,Suburban,Fair,No,690083
1722,1908,2,4,2,1977,Downtown,Excellent,No,492667
1724,3438,5,3,1,1966,Urban,Excellent,No,175223
1725,1800,4,1,1,2010,Suburban,Excellent,No,572886
1726,1743,5,2,2,2014,Downtown,Good,No,649493
1727,4476,3,1,3,1962,Suburban,Excellent,Yes,465000
1728,3597,4,2,3,2012,Downtown,Fair,Yes,997176
1729,509,4,1,2,1993,Urban,Fair,No,51082
1730,2925,1,3,3,1998,Rural,Good,Yes,454364
1731,2160,3,1,2,1947,Urban,Excellent,No,208566
1732,3131,2,4,3,1962,Suburban,Fair,Yes,911525
1733,1572,1,2,2,1977,Suburban,Good,No,364096
1736,4645,5,2,2,1943,Downtown,Good,No,502669
1737,4183,5,4,2,1992,Urban,Poor,Yes,157271
1738,3773,1,1,3,1942,Suburban,Poor,Yes,744896
1740,3540,4,4,2,1939,Downtown,Poor,Yes,494049
1741,1962,5,2,2,1948,Urban,Good,Yes,981543
1742,2084,2,2,1,1984,Rural,Fair,No,642127
1743,982,3,4,1,1956,Urban,Fair,No,884363
1744,3679,5,1,3,1986,Rural,Excellent,Yes,352069
1745,1749,4,1,1,1983,Urban,Poor,No,232075
1746,1130,3,3,3,1963,Suburban,Excellent,No,492113
1747,1161,3,2,1,1974,Downtown,Good,Yes,137745
1748,4003,4,4,3,1956,Urban,Poor,No,176298
1749,3352,5,1,1,2020,Suburban,Excellent,No,667997
1750,2966,1,3,1,1997,Urban,Fair,Yes,354431
1751,1487,4,2,3,1973,Downtown,Fair,Yes,796086
1752,2046,4,2,2,1973,Urban,Excellent,No,476228
1753,1149,4,3,2,2006,Rural,Excellent,Yes,681540
1754,1468,3,3,1,2023,Downtown,Excellent,No,747143
1755,3137,2,1,3,1969,Rural,Good,Yes,421467
1756,1600,1,4,2,1999,Suburban,Good,Yes,511531
1757,940,5,2,3,1987,Suburban,Fair,Yes,789126
1758,1269,5,4,2,1975,Urban,Good,Yes,489707
1759,1843,2,2,3,1942,Rural,Good,No,270013
1760,4858,4,2,1,2018,Rural,Poor,Yes,501800
1763,2077,5,1,1,1957,Rural,Good,No,693107
1764,4508,4,2,3,2020,Downtown,Fair,No,929793
1765,3851,2,3,2,2008,Downtown,Excellent,No,63698
1766,2849,1,2,1,1936,Rural,Fair,Yes,65376
1768,1741,2,2,2,1964,Downtown,Excellent,Yes,325261
1770,3101,1,1,3,1949,Rural,Excellent,Yes,481172
1772,4631,5,2,1,2004,Downtown,Fair,Yes,687293
1773,4948,1,1,2,1987,Rural,Poor,Yes,268850
1775,2414,5,4,2,1978,Urban,Fair,Yes,737055
1776,2972,3,1,3,1989,Urban,Fair,Yes,969015
1777,3546,1,2,3,1971,Downtown,Good,Yes,889665
1778,1207,5,2,2,1950,Downtown,Poor,Yes,423166
1779,2304,2,3,3,1987,Suburban,Poor,No,465718
1780,4213,1,4,1,1947,Suburban,Good,Yes,493226
1781,3064,4,1,3,2001,Rural,Poor,Yes,142529
1782,2975,3,1,1,1969,Rural,Excellent,No,517121
1783,4110,1,4,2,2017,Downtown,Excellent,No,815784
1784,4755,1,1,2,1998,Downtown,Poor,No,489705
1785,3323,5,4,3,2005,Suburban,Good,Yes,675207
1786,2235,5,2,3,1964,Suburban,Fair,Yes,919965
1787,2085,5,4,1,1959,Downtown,Poor,No,524381
1788,566,4,1,1,1945,Urban,Fair,Yes,999453
1789,3561,5,4,3,1935,Urban,Good,No,522803
1790,2928,1,3,3,1957,Rural,Fair,Yes,536275
1791,4653,5,2,2,1975,Downtown,Good,No,772670
1792,841,2,2,2,1937,Downtown,Good,Yes,259870
1795,3161,2,3,3,1941,Suburban,Good,No,329373
1796,1732,1,2,3,2013,Urban,Poor,Yes,994889
1797,4374,1,2,2,1938,Downtown,Excellent,Yes,616464
1798,2901,3,1,3,1970,Suburban,Good,Yes,669113
1800,4711,3,3,3,1935,Urban,Fair,Yes,147555
1801,1161,2,4,3,1951,Urban,Poor,Yes,577433
1802,4383,2,1,3,1930,Suburban,Fair,Yes,147289
1803,4119,4,4,3,1932,Suburban,Fair,No,713162
1806,3874,2,2,1,1940,Urban,Fair,Yes,107788
1807,1516,1,4,3,1957,Urban,Fair,No,713515
1808,4906,2,3,2,1955,Suburban,Fair,No,706282
1810,3165,3,3,3,1972,Downtown,Fair,No,201744
1811,2993,3,4,3,1930,Downtown,Poor,No,219598
1812,1132,4,2,2,1954,Rural,Excellent,Yes,881776
1813,2602,3,1,2,2004,Downtown,Poor,No,959251
1815,3583,1,4,1,1959,Urban,Poor,No,647640
1817,4219,1,1,1,2001,Downtown,Excellent,Yes,352468
1820,736,2,3,2,1942,Rural,Good,Yes,276710
1821,4943,2,3,2,1930,Downtown,Poor,Yes,744058
1822,2040,1,3,1,1969,Urban,Excellent,No,913601
1823,4443,5,3,3,1966,Suburban,Poor,Yes,859816
1824,863,2,4,2,1955,Rural,Fair,Yes,577800
1825,2868,2,1,2,1962,Downtown,Excellent,Yes,973570
1826,785,3,1,2,1974,Downtown,Poor,Yes,736860
1828,4537,1,4,1,2008,Suburban,Poor,Yes,128743
1829,2266,2,2,3,2015,Rural,Excellent,Yes,397786
1830,1512,5,2,2,1991,Rural,Fair,Yes,441731
1832,3007,1,3,3,1937,Downtown,Fair,No,629088
1833,2023,5,1,2,1946,Urban,Good,No,506356
1834,3285,5,4,1,1956,Suburban,Poor,No,674652
1835,3056,5,2,2,1949,Urban,Poor,No,555533
1836,4225,2,2,2,2013,Downtown,Good,No,314531
1837,2101,1,2,1,1970,Rural,Good,Yes,237232
1840,3317,2,4,2,1981,Downtown,Excellent,No,169095
1841,2996,1,4,2,2015,Rural,Poor,Yes,609836
1842,2225,3,2,3,2004,Rural,Poor,No,140450
1843,2189,2,4,2,1987,Downtown,Poor,Yes,679957
1845,4906,5,2,2,2003,Urban,Good,Yes,483595
1846,761,1,1,3,1983,Downtown,Poor,No,357558
1847,1942,1,3,3,1997,Downtown,Good,Yes,647359
1848,905,1,3,1,1942,Urban,Excellent,No,687096
1850,4937,1,1,3,1970,Urban,Fair,Yes,128591
1851,743,3,3,3,1937,Urban,Fair,Yes,798501
1852,4607,5,2,3,1993,Rural,Good,No,316441
1853,1060,3,2,1,1941,Urban,Fair,No,683801
1856,1093,3,1,1,1964,Downtown,Poor,Yes,148752
1857,2326,2,2,2,1933,Suburban,Fair,No,186080
1858,3729,4,2,2,2019,Downtown,Poor,No,267885
1860,4573,4,4,2,1982,Downtown,Good,No,197892
1862,3638,1,2,2,1984,Rural,Good,Yes,203325
1864,572,1,1,3,1960,Suburban,Fair,Yes,996740
1865,4994,1,2,2,1986,Suburban,Fair,Yes,641444
1867,3478,4,2,1,1987,Downtown,Good,No,110263
1868,4861,3,1,3,1967,Urban,Good,Yes,955428
1872,594,3,1,2,1981,Downtown,Good,Yes,66575
1875,3446,5,4,2,1996,Rural,Fair,Yes,569826
1878,1548,5,3,2,1935,Rural,Fair,Yes,214944
1879,3029,1,3,2,1968,Rural,Fair,No,734736
1880,3464,2,1,3,1974,Suburban,Poor,No,771444
1882,1036,2,1,1,1959,Urban,Good,Yes,338581
1883,4723,4,4,1,1994,Downtown,Fair,No,177129
1884,4179,1,3,1,1954,Downtown,Poor,No,924113
1885,4687,4,1,3,1976,Downtown,Excellent,Yes,828810
1886,4224,4,1,2,1979,Downtown,Poor,Yes,582191
1888,1345,1,2,2,1976,Urban,Excellent,No,601151
1890,3536,5,3,2,1953,Urban,Poor,Yes,864980
1892,4985,2,4,2,1965,Urban,Excellent,Yes,585755
1893,3219,5,3,1,1979,Rural,Fair,No,370098
1894,2384,5,1,2,1937,Urban,Fair,Yes,336045
1895,4638,4,4,3,2009,Urban,Poor,No,859733
1896,4849,5,2,3,1964,Rural,Fair,No,961118
1897,3701,3,2,1,2012,Urban,Excellent,No,807902
1898,3210,2,3,1,1974,Downtown,Good,Yes,921612
1899,2453,5,3,2,1950,Suburban,Good,Yes,644191
1900,4350,3,3,2,1934,Urban,Poor,No,416099
1901,1189,3,2,3,1942,Suburban,Fair,No,983708
1903,956,3,2,1,1936,Urban,Good,No,371961
1904,2630,4,1,1,1980,Downtown,Good,No,838525
1905,4476,3,2,1,1957,Rural,Fair,Yes,306094
1906,4744,4,1,1,1953,Suburban,Excellent,Yes,512753
1907,1679,4,4,1,1938,Rural,Fair,Yes,932751
1908,4785,3,3,3,1941,Downtown,Good,No,335084
1911,899,3,3,2,1942,Rural,Good,Yes,141544
1913,2138,2,3,3,2015,Urban,Excellent,Yes,405113
1915,1882,1,4,3,1958,Urban,Good,Yes,137725
1916,1903,4,1,3,2005,Rural,Fair,No,427928
1918,3792,2,1,1,1975,Urban,Good,Yes,144266
1919,1319,5,4,2,1946,Downtown,Good,No,321380
1920,919,1,2,3,1941,Downtown,Excellent,Yes,909029
1921,4719,4,2,2,1993,Urban,Good,Yes,265196
1922,3802,1,4,1,1931,Urban,Fair,No,184974
1923,2008,2,3,3,1931,Downtown,Fair,No,673944
1924,1267,2,2,2,1941,Suburban,Poor,No,346508
1925,2544,5,2,2,1931,Rural,Poor,Yes,681359
1927,3529,2,3,1,2014,Downtown,Poor,Yes,201168
1929,2264,1,1,1,1955,Downtown,Excellent,Yes,632761
1930,3145,3,3,3,2021,Downtown,Poor,Yes,291472
1931,4216,5,3,1,2005,Downtown,Excellent,Yes,356297
1933,2793,4,3,2,1980,Suburban,Good,No,350646
1935,1400,3,3,1,2019,Urban,Good,No,991869
1936,3584,4,4,2,2002,Suburban,Excellent,Yes,168384
1937,2509,1,4,1,1970,Rural,Excellent,Yes,128229
1938,741,4,4,3,1951,Rural,Good,Yes,663337
1939,2885,5,3,2,1990,Urban,Poor,No,757508
1942,663,3,1,2,1933,Urban,Fair,No,679999
1943,964,5,2,1,2009,Suburban,Poor,No,684378
1944,3542,2,1,2,1948,Rural,Fair,Yes,929753
1946,2855,2,4,2,1972,Urban,Good,No,862897
1947,4778,5,1,2,1983,Urban,Fair,No,868718
1948,3057,5,3,3,1952,Urban,Poor,Yes,104795
1949,1045,2,1,2,1982,Downtown,Excellent,No,420283
1950,4335,4,2,2,1999,Downtown,Good,No,784543
1951,1093,2,1,1,2023,Downtown,Poor,No,153845
1952,4304,5,4,3,1939,Suburban,Poor,Yes,362130
1953,1959,5,3,1,1944,Urban,Good,Yes,387540
1954,3993,3,2,1,1967,Rural,Good,No,891610
1956,2944,1,3,3,2004,Suburban,Excellent,No,828520
1959,516,2,3,1,1975,Urban,Fair,No,916069
1960,3691,4,1,2,2005,Downtown,Poor,Yes,972532
1961,892,2,3,1,1942,Urban,Fair,No,279333
1962,924,4,3,3,1938,Urban,Excellent,Yes,622854
1963,1071,3,3,3,1972,Suburban,Poor,Yes,880154
1965,1620,2,2,3,1982,Suburban,Poor,Yes,423218
1966,741,2,4,3,1947,Downtown,Excellent,No,649262
1967,4397,2,1,2,2010,Downtown,Poor,Yes,526908
1969,2779,3,3,2,1979,Urban,Poor,No,220951
1970,1288,2,2,1,1968,Suburban,Excellent,No,467983
1973,1275,1,2,2,2014,Downtown,Good,No,678705
1974,4526,3,1,3,1936,Rural,Fair,No,904531
1975,2747,3,1,3,2002,Rural,Poor,No,229729
1976,578,5,3,1,1982,Suburban,Excellent,Yes,189570
1977,4426,1,3,3,2017,Rural,Good,No,254739
1978,1355,5,4,2,1936,Downtown,Poor,No,337251
1979,2648,4,4,3,1980,Suburban,Poor,Yes,734153
1980,1531,5,3,3,1963,Rural,Poor,No,970200
1981,3771,2,2,1,1989,Suburban,Fair,No,890271
1982,4076,5,4,2,1985,Rural,Excellent,No,663529
1983,4682,3,3,3,1961,Urban,Excellent,No,597685
1984,3956,4,4,1,1971,Urban,Poor,Yes,581992
1985,4006,2,3,3,1960,Downtown,Poor,No,852874
1986,907,5,1,2,1932,Urban,Poor,No,769148
1987,3211,4,3,3,1965,Urban,Good,No,179576
1989,2168,2,4,1,2010,Rural,Fair,No,427972
1991,4827,4,4,1,1959,Suburban,Fair,Yes,834141
1992,4397,4,1,2,1981,Rural,Poor,Yes,847822
1993,2450,1,3,3,2006,Urban,Good,Yes,225508
1994,865,4,4,2,2020,Rural,Poor,No,308446
1995,2174,1,1,2,1973,Downtown,Poor,No,527698
1997,3046,5,2,1,2019,Suburban,Poor,Yes,580929
1999,4062,3,1,2,1936,Urban,Excellent,Yes,161119
